date,name,value
1999-01,CWE-125,3
1999-01,CWE-476,1
1999-01,CWE-119,1
1999-01,CWE-522,1
1999-01,CWE-434,1
1999-01,CWE-200,1
1999-01,CWE-1067,1
1999-01,CWE-269,1
1999-01,CWE-120,1
1999-01,CWE-290,1
1999-01,CWE-77,1
1999-01,CWE-78,1
2001-01,CWE-400,1
2002-01,CWE-178,1
2002-01,CWE-667,1
2002-01,CWE-88,1
2002-01,CWE-494,1
2003-01,CWE-190,1
2003-01,CWE-269,1
2004-01,CWE-476,2
2004-01,CWE-120,1
2004-01,CWE-131,1
2004-01,CWE-252,1
2004-01,CWE-193,1
2005-01,CWE-425,2
2005-01,CWE-326,2
2005-01,CWE-94,2
2005-01,CWE-601,1
2005-01,CWE-129,1
2005-01,CWE-434,1
2005-01,CWE-400,1
2005-01,CWE-916,1
2005-01,CWE-131,1
2005-01,CWE-77,1
2005-01,CWE-352,1
2005-01,CWE-295,1
2005-01,CWE-219,1
2005-01,CWE-667,1
2005-01,CWE-59,1
2005-01,CWE-178,1
2005-01,CWE-347,1
2005-01,CWE-193,1
2005-01,CWE-89,1
2006-01,CWE-400,5
2006-01,CWE-94,3
2006-01,CWE-89,2
2006-01,CWE-125,2
2006-01,CWE-120,2
2006-01,CWE-770,1
2006-01,CWE-276,1
2006-01,CWE-749,1
2006-01,CWE-824,1
2006-01,CWE-79,1
2006-01,CWE-119,1
2006-01,CWE-787,1
2006-01,CWE-80,1
2006-01,CWE-193,1
2007-01,CWE-79,6
2007-01,CWE-94,6
2007-01,CWE-22,3
2007-01,CWE-119,2
2007-01,CWE-287,2
2007-01,CWE-89,1
2007-01,CWE-319,1
2007-01,CWE-190,1
2007-01,CWE-400,1
2007-01,CWE-77,1
2007-01,CWE-476,1
2007-01,CWE-252,1
2007-01,CWE-674,1
2007-01,CWE-863,1
2008-01,CWE-79,6
2008-01,CWE-200,4
2008-01,CWE-20,3
2008-01,CWE-190,2
2008-01,CWE-681,1
2008-01,CWE-352,1
2008-01,CWE-770,1
2008-01,CWE-287,1
2008-01,CWE-89,1
2008-01,CWE-120,1
2008-01,CWE-1284,1
2008-01,CWE-94,1
2008-01,CWE-327,1
2008-01,CWE-59,1
2008-01,CWE-787,1
2008-01,CWE-22,1
2008-01,CWE-908,1
2009-01,CWE-94,7
2009-01,CWE-787,4
2009-01,CWE-416,3
2009-01,CWE-400,2
2009-01,CWE-22,1
2009-01,CWE-863,1
2009-01,CWE-908,1
2009-01,CWE-352,1
2009-01,CWE-415,1
2009-01,CWE-121,1
2009-01,CWE-284,1
2009-01,CWE-667,1
2009-01,CWE-120,1
2009-01,CWE-862,1
2009-01,CWE-476,1
2009-01,CWE-732,1
2010-01,CWE-787,6
2010-01,CWE-94,3
2010-01,CWE-749,2
2010-01,CWE-120,2
2010-01,CWE-22,2
2010-01,CWE-121,1
2010-01,CWE-79,1
2010-01,CWE-125,1
2010-01,CWE-416,1
2010-01,CWE-917,1
2010-01,CWE-732,1
2010-01,CWE-362,1
2010-01,CWE-843,1
2010-01,CWE-1284,1
2010-01,CWE-190,1
2010-01,CWE-415,1
2010-01,CWE-77,1
2011-01,CWE-476,7
2011-01,CWE-416,4
2011-01,CWE-190,3
2011-01,CWE-79,2
2011-01,CWE-295,1
2011-01,CWE-119,1
2011-01,CWE-843,1
2011-01,CWE-312,1
2011-01,CWE-284,1
2011-01,CWE-200,1
2011-01,CWE-835,1
2011-01,CWE-125,1
2011-01,CWE-787,1
2012-01,CWE-94,8
2012-01,CWE-362,5
2012-01,CWE-416,4
2012-01,CWE-284,3
2012-01,CWE-787,3
2012-01,CWE-20,2
2012-01,CWE-190,2
2012-01,CWE-89,2
2012-01,CWE-79,2
2012-01,CWE-195,1
2012-01,CWE-287,1
2012-01,CWE-78,1
2012-01,CWE-601,1
2012-01,CWE-798,1
2012-01,CWE-22,1
2012-01,CWE-331,1
2012-01,CWE-311,1
2012-01,CWE-843,1
2012-01,CWE-119,1
2012-01,CWE-295,1
2012-01,CWE-592,1
2012-01,CWE-259,1
2012-01,CWE-908,1
2012-01,CWE-77,1
2013-01,CWE-362,6
2013-01,CWE-284,6
2013-01,CWE-94,5
2013-01,CWE-416,5
2013-01,CWE-119,4
2013-01,CWE-787,3
2013-01,CWE-287,3
2013-01,CWE-190,2
2013-01,CWE-347,2
2013-01,CWE-23,2
2013-01,CWE-120,2
2013-01,CWE-693,2
2013-01,CWE-665,1
2013-01,CWE-79,1
2013-01,CWE-122,1
2013-01,CWE-276,1
2013-01,CWE-59,1
2013-01,CWE-269,1
2013-01,CWE-74,1
2013-01,CWE-367,1
2013-01,CWE-200,1
2013-01,CWE-125,1
2013-01,CWE-20,1
2013-01,CWE-611,1
2014-01,CWE-190,4
2014-01,CWE-416,4
2014-01,CWE-22,3
2014-01,CWE-121,2
2014-01,CWE-287,2
2014-01,CWE-787,2
2014-01,CWE-122,2
2014-01,CWE-94,2
2014-01,CWE-78,2
2014-01,CWE-79,1
2014-01,CWE-269,1
2014-01,CWE-119,1
2014-01,CWE-415,1
2014-01,CWE-362,1
2014-01,CWE-522,1
2014-01,CWE-59,1
2014-01,CWE-476,1
2014-01,CWE-77,1
2014-01,CWE-284,1
2014-01,CWE-191,1
2014-01,CWE-125,1
2014-01,CWE-399,1
2014-01,CWE-209,1
2014-01,CWE-566,1
2015-01,CWE-787,9
2015-01,CWE-416,5
2015-01,CWE-22,3
2015-01,CWE-200,2
2015-01,CWE-120,1
2015-01,CWE-124,1
2015-01,CWE-122,1
2015-01,CWE-502,1
2015-01,CWE-59,1
2015-01,CWE-94,1
2015-01,CWE-284,1
2015-01,CWE-824,1
2015-01,CWE-190,1
2015-01,CWE-77,1
2015-01,CWE-346,1
2015-01,CWE-345,1
2015-01,CWE-119,1
2015-01,CWE-352,1
2015-01,CWE-121,1
2015-01,CWE-191,1
2016-01,CWE-416,5
2016-01,CWE-787,4
2016-01,CWE-125,4
2016-01,CWE-89,2
2016-01,CWE-20,2
2016-01,CWE-22,2
2016-01,CWE-362,2
2016-01,CWE-200,2
2016-01,CWE-120,2
2016-01,CWE-843,1
2016-01,CWE-552,1
2016-01,CWE-434,1
2016-01,CWE-88,1
2016-01,CWE-119,1
2016-01,CWE-332,1
2016-01,CWE-352,1
2016-01,CWE-306,1
2016-01,CWE-321,1
2016-01,CWE-284,1
2016-01,CWE-269,1
2016-01,CWE-190,1
2016-01,CWE-611,1
2016-01,CWE-94,1
2016-01,CWE-918,1
2016-01,CWE-111,1
2016-01,CWE-502,1
2017-01,CWE-79,82
2017-01,CWE-20,62
2017-01,CWE-119,53
2017-01,CWE-399,44
2017-01,CWE-200,37
2017-01,CWE-287,33
2017-01,CWE-264,26
2017-01,CWE-22,24
2017-01,CWE-416,23
2017-01,CWE-352,20
2017-01,CWE-125,20
2017-01,CWE-78,18
2017-01,CWE-843,18
2017-01,CWE-121,18
2017-01,CWE-284,14
2017-01,CWE-400,13
2017-01,CWE-77,12
2017-01,CWE-427,12
2017-01,CWE-89,12
2017-01,CWE-285,11
2017-01,CWE-522,10
2017-01,CWE-323,9
2017-01,CWE-918,9
2017-01,CWE-787,8
2017-01,CWE-434,8
2017-01,CWE-94,8
2017-01,CWE-306,8
2017-01,CWE-300,7
2017-01,CWE-476,7
2017-01,CWE-502,7
2017-01,CWE-190,7
2017-01,CWE-295,6
2017-01,CWE-451,5
2017-01,CWE-798,5
2017-01,CWE-601,5
2017-01,CWE-122,5
2017-01,CWE-307,4
2017-01,CWE-275,4
2017-01,CWE-269,4
2017-01,CWE-428,4
2017-01,CWE-521,4
2017-01,CWE-863,4
2017-01,CWE-74,3
2017-01,CWE-330,3
2017-01,CWE-59,3
2017-01,CWE-613,3
2017-01,CWE-617,3
2017-01,CWE-693,3
2017-01,CWE-288,3
2017-01,CWE-321,3
2017-01,CWE-203,3
2017-01,CWE-259,3
2017-01,CWE-276,3
2017-01,CWE-732,3
2017-01,CWE-209,3
2017-01,CWE-16,3
2017-01,CWE-255,3
2017-01,CWE-311,3
2017-01,CWE-347,3
2017-01,CWE-120,3
2017-01,CWE-134,3
2017-01,CWE-552,3
2017-01,CWE-674,2
2017-01,CWE-472,2
2017-01,CWE-326,2
2017-01,CWE-294,2
2017-01,CWE-310,2
2017-01,CWE-343,2
2017-01,CWE-260,2
2017-01,CWE-532,2
2017-01,CWE-126,2
2017-01,CWE-494,2
2017-01,CWE-256,2
2017-01,CWE-598,2
2017-01,CWE-377,2
2017-01,CWE-184,2
2017-01,CWE-895,1
2017-01,CWE-620,1
2017-01,CWE-882,1
2017-01,CWE-384,1
2017-01,CWE-807,1
2017-01,CWE-113,1
2017-01,CWE-749,1
2017-01,CWE-335,1
2017-01,CWE-88,1
2017-01,CWE-538,1
2017-01,CWE-281,1
2017-01,CWE-523,1
2017-01,CWE-254,1
2017-01,CWE-327,1
2017-01,CWE-755,1
2017-01,CWE-242,1
2017-01,CWE-862,1
2017-01,CWE-603,1
2017-01,CWE-822,1
2017-01,CWE-485,1
2017-01,CWE-331,1
2017-01,CWE-312,1
2017-01,CWE-415,1
2017-01,CWE-290,1
2017-01,CWE-548,1
2017-01,CWE-444,1
2017-01,CWE-836,1
2017-01,CWE-23,1
2017-01,CWE-644,1
2017-01,CWE-358,1
2017-01,CWE-1333,1
2017-01,CWE-835,1
2017-01,CWE-253,1
2017-01,CWE-248,1
2017-01,CWE-261,1
2017-01,CWE-75,1
2017-01,CWE-402,1
2017-01,CWE-404,1
2017-01,CWE-346,1
2017-01,CWE-639,1
2017-01,CWE-303,1
2017-01,CWE-191,1
2017-01,CWE-602,1
2017-01,CWE-592,1
2017-01,CWE-823,1
2017-01,CWE-489,1
2017-01,CWE-390,1
2017-01,CWE-266,1
2017-01,CWE-345,1
2017-01,CWE-205,1
2017-01,CWE-391,1
2017-01,CWE-279,1
2017-01,CWE-657,1
2017-01,CWE-257,1
2017-01,CWE-392,1
2017-01,CWE-338,1
2017-01,CWE-1241,1
2017-01,CWE-319,1
2017-01,CWE-775,1
2017-01,CWE-611,1
2017-01,CWE-350,1
2017-01,CWE-150,1
2017-01,CWE-195,1
2017-01,CWE-36,1
2018-01,CWE-20,213
2018-01,CWE-22,206
2018-01,CWE-79,173
2018-01,CWE-311,152
2018-01,CWE-400,95
2018-01,CWE-416,91
2018-01,CWE-200,84
2018-01,CWE-121,59
2018-01,CWE-287,55
2018-01,CWE-89,53
2018-01,CWE-125,52
2018-01,CWE-284,52
2018-01,CWE-843,50
2018-01,CWE-787,50
2018-01,CWE-122,45
2018-01,CWE-506,44
2018-01,CWE-352,44
2018-01,CWE-399,43
2018-01,CWE-78,37
2018-01,CWE-264,37
2018-01,CWE-77,36
2018-01,CWE-798,31
2018-01,CWE-119,30
2018-01,CWE-285,30
2018-01,CWE-502,27
2018-01,CWE-306,22
2018-01,CWE-611,21
2018-01,CWE-295,21
2018-01,CWE-476,21
2018-01,CWE-693,21
2018-01,CWE-120,18
2018-01,CWE-190,16
2018-01,CWE-94,15
2018-01,CWE-310,14
2018-01,CWE-269,14
2018-01,CWE-391,14
2018-01,CWE-532,13
2018-01,CWE-319,12
2018-01,CWE-732,11
2018-01,CWE-863,11
2018-01,CWE-362,11
2018-01,CWE-358,10
2018-01,CWE-434,10
2018-01,CWE-592,10
2018-01,CWE-522,10
2018-01,CWE-704,9
2018-01,CWE-384,9
2018-01,CWE-665,9
2018-01,CWE-255,9
2018-01,CWE-427,9
2018-01,CWE-276,9
2018-01,CWE-59,9
2018-01,CWE-601,8
2018-01,CWE-770,8
2018-01,CWE-377,8
2018-01,CWE-415,7
2018-01,CWE-862,7
2018-01,CWE-326,7
2018-01,CWE-209,7
2018-01,CWE-250,7
2018-01,CWE-288,6
2018-01,CWE-23,6
2018-01,CWE-822,6
2018-01,CWE-80,6
2018-01,CWE-471,6
2018-01,CWE-444,6
2018-01,CWE-404,6
2018-01,CWE-835,6
2018-01,CWE-300,6
2018-01,CWE-201,5
2018-01,CWE-321,5
2018-01,CWE-312,5
2018-01,CWE-426,5
2018-01,CWE-19,5
2018-01,CWE-639,5
2018-01,CWE-294,5
2018-01,CWE-203,5
2018-01,CWE-330,5
2018-01,CWE-385,5
2018-01,CWE-325,5
2018-01,CWE-184,5
2018-01,CWE-347,5
2018-01,CWE-16,5
2018-01,CWE-428,5
2018-01,CWE-113,4
2018-01,CWE-552,4
2018-01,CWE-212,4
2018-01,CWE-256,4
2018-01,CWE-345,4
2018-01,CWE-266,4
2018-01,CWE-916,3
2018-01,CWE-617,3
2018-01,CWE-274,3
2018-01,CWE-346,3
2018-01,CWE-313,3
2018-01,CWE-494,3
2018-01,CWE-248,3
2018-01,CWE-254,3
2018-01,CWE-115,3
2018-01,CWE-73,3
2018-01,CWE-598,3
2018-01,CWE-789,3
2018-01,CWE-824,3
2018-01,CWE-460,3
2018-01,CWE-680,2
2018-01,CWE-331,2
2018-01,CWE-548,2
2018-01,CWE-257,2
2018-01,CWE-98,2
2018-01,CWE-388,2
2018-01,CWE-757,2
2018-01,CWE-703,2
2018-01,CWE-642,2
2018-01,CWE-922,2
2018-01,CWE-918,2
2018-01,CWE-749,2
2018-01,CWE-214,2
2018-01,CWE-329,2
2018-01,CWE-419,2
2018-01,CWE-354,2
2018-01,CWE-613,2
2018-01,CWE-538,2
2018-01,CWE-126,2
2018-01,CWE-93,2
2018-01,CWE-123,2
2018-01,CWE-275,2
2018-01,CWE-356,2
2018-01,CWE-401,2
2018-01,CWE-913,2
2018-01,CWE-320,2
2018-01,CWE-367,2
2018-01,CWE-307,2
2018-01,CWE-193,1
2018-01,CWE-335,1
2018-01,CWE-130,1
2018-01,CWE-772,1
2018-01,CWE-489,1
2018-01,CWE-124,1
2018-01,CWE-363,1
2018-01,CWE-191,1
2018-01,CWE-509,1
2018-01,CWE-755,1
2018-01,CWE-437,1
2018-01,CWE-177,1
2018-01,CWE-208,1
2018-01,CWE-138,1
2018-01,CWE-477,1
2018-01,CWE-378,1
2018-01,CWE-282,1
2018-01,CWE-769,1
2018-01,CWE-134,1
2018-01,CWE-610,1
2018-01,CWE-39,1
2018-01,CWE-410,1
2018-01,CWE-349,1
2018-01,CWE-760,1
2018-01,CWE-912,1
2018-01,CWE-267,1
2018-01,CWE-117,1
2018-01,CWE-425,1
2018-01,CWE-409,1
2018-01,CWE-185,1
2018-01,CWE-456,1
2018-01,CWE-297,1
2018-01,CWE-379,1
2018-01,CWE-258,1
2018-01,CWE-61,1
2018-01,CWE-799,1
2018-01,CWE-767,1
2018-01,CWE-204,1
2018-01,CWE-226,1
2018-01,CWE-327,1
2018-01,CWE-521,1
2018-01,CWE-35,1
2018-01,CWE-621,1
2018-01,CWE-350,1
2018-01,CWE-920,1
2018-01,CWE-565,1
2018-01,CWE-302,1
2018-01,CWE-259,1
2018-01,CWE-359,1
2018-01,CWE-6,1
2018-01,CWE-668,1
2018-01,CWE-674,1
2018-01,CWE-252,1
2018-01,CWE-131,1
2018-01,CWE-215,1
2018-01,CWE-829,1
2018-01,CWE-304,1
2018-01,CWE-99,1
2018-01,CWE-623,1
2018-01,CWE-270,1
2018-01,CWE-620,1
2018-01,CWE-923,1
2018-01,CWE-625,1
2018-01,CWE-116,1
2018-01,CWE-360,1
2018-01,CWE-602,1
2018-01,CWE-289,1
2018-01,CWE-697,1
2018-01,CWE-561,1
2018-01,CWE-290,1
2018-01,CWE-303,1
2018-01,CWE-228,1
2018-01,CWE-37,1
2018-01,CWE-341,1
2018-01,CWE-194,1
2019-01,CWE-20,156
2019-01,CWE-79,152
2019-01,CWE-416,137
2019-01,CWE-284,107
2019-01,CWE-125,80
2019-01,CWE-200,75
2019-01,CWE-78,71
2019-01,CWE-400,69
2019-01,CWE-122,68
2019-01,CWE-22,65
2019-01,CWE-119,64
2019-01,CWE-787,53
2019-01,CWE-287,52
2019-01,CWE-89,50
2019-01,CWE-121,50
2019-01,CWE-77,46
2019-01,CWE-264,43
2019-01,CWE-285,37
2019-01,CWE-190,35
2019-01,CWE-94,32
2019-01,CWE-352,31
2019-01,CWE-306,28
2019-01,CWE-532,25
2019-01,CWE-399,22
2019-01,CWE-798,20
2019-01,CWE-863,19
2019-01,CWE-295,19
2019-01,CWE-502,18
2019-01,CWE-476,17
2019-01,CWE-601,16
2019-01,CWE-522,15
2019-01,CWE-611,14
2019-01,CWE-427,14
2019-01,CWE-59,14
2019-01,CWE-693,14
2019-01,CWE-434,12
2019-01,CWE-347,12
2019-01,CWE-269,12
2019-01,CWE-120,12
2019-01,CWE-404,11
2019-01,CWE-732,11
2019-01,CWE-755,10
2019-01,CWE-494,10
2019-01,CWE-288,10
2019-01,CWE-648,10
2019-01,CWE-843,10
2019-01,CWE-23,10
2019-01,CWE-250,10
2019-01,CWE-312,9
2019-01,CWE-126,9
2019-01,CWE-345,9
2019-01,CWE-754,8
2019-01,CWE-770,8
2019-01,CWE-74,8
2019-01,CWE-319,8
2019-01,CWE-248,8
2019-01,CWE-307,8
2019-01,CWE-310,7
2019-01,CWE-16,7
2019-01,CWE-327,7
2019-01,CWE-311,6
2019-01,CWE-80,6
2019-01,CWE-922,6
2019-01,CWE-862,6
2019-01,CWE-276,6
2019-01,CWE-255,6
2019-01,CWE-918,6
2019-01,CWE-321,6
2019-01,CWE-300,6
2019-01,CWE-835,6
2019-01,CWE-384,6
2019-01,CWE-592,6
2019-01,CWE-209,6
2019-01,CWE-440,5
2019-01,CWE-305,5
2019-01,CWE-680,5
2019-01,CWE-834,5
2019-01,CWE-665,5
2019-01,CWE-358,5
2019-01,CWE-256,5
2019-01,CWE-259,5
2019-01,CWE-191,5
2019-01,CWE-703,5
2019-01,CWE-377,4
2019-01,CWE-428,4
2019-01,CWE-749,4
2019-01,CWE-788,4
2019-01,CWE-367,4
2019-01,CWE-257,4
2019-01,CWE-524,4
2019-01,CWE-552,4
2019-01,CWE-326,4
2019-01,CWE-65,4
2019-01,CWE-266,4
2019-01,CWE-290,4
2019-01,CWE-415,4
2019-01,CWE-829,4
2019-01,CWE-356,4
2019-01,CWE-275,4
2019-01,CWE-280,3
2019-01,CWE-116,3
2019-01,CWE-294,3
2019-01,CWE-548,3
2019-01,CWE-213,3
2019-01,CWE-134,3
2019-01,CWE-538,3
2019-01,CWE-88,3
2019-01,CWE-668,3
2019-01,CWE-208,3
2019-01,CWE-170,3
2019-01,CWE-193,3
2019-01,CWE-441,3
2019-01,CWE-117,3
2019-01,CWE-824,3
2019-01,CWE-426,3
2019-01,CWE-477,3
2019-01,CWE-216,3
2019-01,CWE-444,3
2019-01,CWE-61,3
2019-01,CWE-401,3
2019-01,CWE-98,3
2019-01,CWE-114,3
2019-01,CWE-346,3
2019-01,CWE-457,3
2019-01,CWE-172,3
2019-01,CWE-617,2
2019-01,CWE-91,2
2019-01,CWE-113,2
2019-01,CWE-201,2
2019-01,CWE-410,2
2019-01,CWE-99,2
2019-01,CWE-260,2
2019-01,CWE-598,2
2019-01,CWE-353,2
2019-01,CWE-913,2
2019-01,CWE-320,2
2019-01,CWE-354,2
2019-01,CWE-613,2
2019-01,CWE-840,2
2019-01,CWE-681,2
2019-01,CWE-822,2
2019-01,CWE-362,2
2019-01,CWE-330,2
2019-01,CWE-1021,2
2019-01,CWE-657,2
2019-01,CWE-772,2
2019-01,CWE-776,2
2019-01,CWE-628,2
2019-01,CWE-470,2
2019-01,CWE-130,2
2019-01,CWE-371,2
2019-01,CWE-424,2
2019-01,CWE-714,1
2019-01,CWE-610,1
2019-01,CWE-1260,1
2019-01,CWE-296,1
2019-01,CWE-405,1
2019-01,CWE-407,1
2019-01,CWE-129,1
2019-01,CWE-155,1
2019-01,CWE-909,1
2019-01,CWE-341,1
2019-01,CWE-472,1
2019-01,CWE-1257,1
2019-01,CWE-460,1
2019-01,CWE-159,1
2019-01,CWE-671,1
2019-01,CWE-465,1
2019-01,CWE-317,1
2019-01,CWE-952,1
2019-01,CWE-271,1
2019-01,CWE-36,1
2019-01,CWE-1236,1
2019-01,CWE-328,1
2019-01,CWE-304,1
2019-01,CWE-349,1
2019-01,CWE-324,1
2019-01,CWE-1049,1
2019-01,CWE-364,1
2019-01,CWE-1004,1
2019-01,CWE-390,1
2019-01,CWE-908,1
2019-01,CWE-923,1
2019-01,CWE-419,1
2019-01,CWE-215,1
2019-01,CWE-385,1
2019-01,CWE-459,1
2019-01,CWE-90,1
2019-01,CWE-131,1
2019-01,CWE-123,1
2019-01,CWE-323,1
2019-01,CWE-267,1
2019-01,CWE-642,1
2019-01,CWE-325,1
2019-01,CWE-436,1
2019-01,CWE-338,1
2019-01,CWE-763,1
2019-01,CWE-258,1
2019-01,CWE-674,1
2019-01,CWE-412,1
2019-01,CWE-639,1
2019-01,CWE-649,1
2019-01,CWE-626,1
2019-01,CWE-268,1
2019-01,CWE-226,1
2019-01,CWE-394,1
2019-01,CWE-273,1
2019-01,CWE-756,1
2019-01,CWE-111,1
2019-01,CWE-332,1
2019-01,CWE-501,1
2019-01,CWE-214,1
2019-01,CWE-1188,1
2019-01,CWE-301,1
2019-01,CWE-794,1
2019-01,CWE-640,1
2019-01,CWE-124,1
2019-01,CWE-1024,1
2019-01,CWE-664,1
2019-01,CWE-456,1
2019-01,CWE-277,1
2019-01,CWE-942,1
2019-01,CWE-497,1
2019-01,CWE-249,1
2019-01,CWE-316,1
2019-01,CWE-391,1
2019-01,CWE-704,1
2019-01,CWE-242,1
2019-01,CWE-669,1
2019-01,CWE-778,1
2019-01,CWE-369,1
2019-01,CWE-825,1
2019-01,CWE-667,1
2020-01,CWE-79,340
2020-01,CWE-20,275
2020-01,CWE-78,139
2020-01,CWE-284,112
2020-01,CWE-89,103
2020-01,CWE-125,102
2020-01,CWE-200,98
2020-01,CWE-787,96
2020-01,CWE-400,93
2020-01,CWE-22,90
2020-01,CWE-119,79
2020-01,CWE-287,72
2020-01,CWE-416,60
2020-01,CWE-121,59
2020-01,CWE-269,59
2020-01,CWE-120,59
2020-01,CWE-122,53
2020-01,CWE-502,51
2020-01,CWE-285,49
2020-01,CWE-190,47
2020-01,CWE-306,47
2020-01,CWE-77,46
2020-01,CWE-352,43
2020-01,CWE-264,42
2020-01,CWE-798,37
2020-01,CWE-59,35
2020-01,CWE-94,35
2020-01,CWE-427,35
2020-01,CWE-532,35
2020-01,CWE-476,34
2020-01,CWE-80,32
2020-01,CWE-601,32
2020-01,CWE-732,30
2020-01,CWE-347,28
2020-01,CWE-522,27
2020-01,CWE-276,27
2020-01,CWE-863,26
2020-01,CWE-319,25
2020-01,CWE-295,24
2020-01,CWE-74,23
2020-01,CWE-434,22
2020-01,CWE-362,22
2020-01,CWE-23,22
2020-01,CWE-611,22
2020-01,CWE-843,22
2020-01,CWE-754,21
2020-01,CWE-327,20
2020-01,CWE-266,19
2020-01,CWE-312,18
2020-01,CWE-862,18
2020-01,CWE-367,17
2020-01,CWE-693,17
2020-01,CWE-426,17
2020-01,CWE-73,16
2020-01,CWE-16,16
2020-01,CWE-918,15
2020-01,CWE-288,14
2020-01,CWE-274,13
2020-01,CWE-755,13
2020-01,CWE-321,13
2020-01,CWE-399,13
2020-01,CWE-494,13
2020-01,CWE-749,13
2020-01,CWE-311,13
2020-01,CWE-428,13
2020-01,CWE-129,12
2020-01,CWE-326,12
2020-01,CWE-209,12
2020-01,CWE-668,11
2020-01,CWE-770,11
2020-01,CWE-444,11
2020-01,CWE-521,10
2020-01,CWE-415,10
2020-01,CWE-201,10
2020-01,CWE-345,10
2020-01,CWE-401,10
2020-01,CWE-307,10
2020-01,CWE-384,9
2020-01,CWE-294,9
2020-01,CWE-552,9
2020-01,CWE-788,9
2020-01,CWE-697,9
2020-01,CWE-471,8
2020-01,CWE-346,8
2020-01,CWE-259,8
2020-01,CWE-353,8
2020-01,CWE-290,8
2020-01,CWE-377,8
2020-01,CWE-250,8
2020-01,CWE-639,8
2020-01,CWE-613,8
2020-01,CWE-256,8
2020-01,CWE-191,7
2020-01,CWE-404,7
2020-01,CWE-665,7
2020-01,CWE-369,7
2020-01,CWE-248,7
2020-01,CWE-617,6
2020-01,CWE-305,6
2020-01,CWE-203,6
2020-01,CWE-131,6
2020-01,CWE-451,6
2020-01,CWE-117,6
2020-01,CWE-672,6
2020-01,CWE-113,5
2020-01,CWE-255,5
2020-01,CWE-680,5
2020-01,CWE-93,5
2020-01,CWE-88,5
2020-01,CWE-489,5
2020-01,CWE-824,5
2020-01,CWE-664,5
2020-01,CWE-275,5
2020-01,CWE-297,4
2020-01,CWE-267,4
2020-01,CWE-330,4
2020-01,CWE-325,4
2020-01,CWE-303,4
2020-01,CWE-682,4
2020-01,CWE-912,4
2020-01,CWE-134,4
2020-01,CWE-757,4
2020-01,CWE-185,4
2020-01,CWE-95,4
2020-01,CWE-789,4
2020-01,CWE-371,4
2020-01,CWE-310,4
2020-01,CWE-115,4
2020-01,CWE-270,3
2020-01,CWE-835,3
2020-01,CWE-158,3
2020-01,CWE-159,3
2020-01,CWE-358,3
2020-01,CWE-1021,3
2020-01,CWE-123,3
2020-01,CWE-602,3
2020-01,CWE-922,3
2020-01,CWE-388,3
2020-01,CWE-707,3
2020-01,CWE-916,3
2020-01,CWE-548,3
2020-01,CWE-656,3
2020-01,CWE-379,3
2020-01,CWE-440,3
2020-01,CWE-281,3
2020-01,CWE-280,3
2020-01,CWE-99,3
2020-01,CWE-300,3
2020-01,CWE-805,3
2020-01,CWE-19,3
2020-01,CWE-822,3
2020-01,CWE-114,3
2020-01,CWE-908,3
2020-01,CWE-193,3
2020-01,CWE-501,3
2020-01,CWE-703,3
2020-01,CWE-840,3
2020-01,CWE-212,3
2020-01,CWE-208,3
2020-01,CWE-913,3
2020-01,CWE-61,3
2020-01,CWE-359,2
2020-01,CWE-116,2
2020-01,CWE-674,2
2020-01,CWE-394,2
2020-01,CWE-349,2
2020-01,CWE-772,2
2020-01,CWE-648,2
2020-01,CWE-943,2
2020-01,CWE-130,2
2020-01,CWE-214,2
2020-01,CWE-1236,2
2020-01,CWE-610,2
2020-01,CWE-118,2
2020-01,CWE-261,2
2020-01,CWE-710,2
2020-01,CWE-459,2
2020-01,CWE-195,2
2020-01,CWE-252,2
2020-01,CWE-356,2
2020-01,CWE-90,2
2020-01,CWE-170,2
2020-01,CWE-704,2
2020-01,CWE-917,2
2020-01,CWE-778,2
2020-01,CWE-1004,2
2020-01,CWE-823,2
2020-01,CWE-603,2
2020-01,CWE-91,2
2020-01,CWE-706,2
2020-01,CWE-497,2
2020-01,CWE-183,2
2020-01,CWE-657,2
2020-01,CWE-96,2
2020-01,CWE-385,2
2020-01,CWE-184,2
2020-01,CWE-378,2
2020-01,CWE-257,2
2020-01,CWE-425,2
2020-01,CWE-126,2
2020-01,CWE-341,2
2020-01,CWE-213,2
2020-01,CWE-202,2
2020-01,CWE-614,2
2020-01,CWE-299,2
2020-01,CWE-694,2
2020-01,CWE-690,2
2020-01,CWE-98,2
2020-01,CWE-626,2
2020-01,CWE-340,1
2020-01,CWE-87,1
2020-01,CWE-302,1
2020-01,CWE-331,1
2020-01,CWE-547,1
2020-01,CWE-910,1
2020-01,CWE-24,1
2020-01,CWE-506,1
2020-01,CWE-794,1
2020-01,CWE-253,1
2020-01,CWE-592,1
2020-01,CWE-625,1
2020-01,CWE-776,1
2020-01,CWE-406,1
2020-01,CWE-460,1
2020-01,CWE-296,1
2020-01,CWE-598,1
2020-01,CWE-210,1
2020-01,CWE-84,1
2020-01,CWE-767,1
2020-01,CWE-65,1
2020-01,CWE-681,1
2020-01,CWE-909,1
2020-01,CWE-226,1
2020-01,CWE-350,1
2020-01,CWE-155,1
2020-01,CWE-335,1
2020-01,CWE-342,1
2020-01,CWE-670,1
2020-01,CWE-534,1
2020-01,CWE-197,1
2020-01,CWE-112,1
2020-01,CWE-1056,1
2020-01,CWE-939,1
2020-01,CWE-733,1
2020-01,CWE-393,1
2020-01,CWE-441,1
2020-01,CWE-915,1
2020-01,CWE-334,1
2020-01,CWE-1188,1
2020-01,CWE-196,1
2020-01,CWE-265,1
2020-01,CWE-477,1
2020-01,CWE-759,1
2020-01,CWE-329,1
2020-01,CWE-839,1
2020-01,CWE-204,1
2020-01,CWE-127,1
2020-01,CWE-408,1
2020-01,CWE-1050,1
2020-01,CWE-391,1
2020-01,CWE-35,1
2020-01,CWE-182,1
2020-01,CWE-1286,1
2020-01,CWE-320,1
2020-01,CWE-523,1
2020-01,CWE-834,1
2020-01,CWE-357,1
2020-01,CWE-642,1
2020-01,CWE-538,1
2020-01,CWE-799,1
2020-01,CWE-216,1
2020-01,CWE-467,1
2020-01,CWE-1173,1
2020-01,CWE-667,1
2020-01,CWE-544,1
2020-01,CWE-763,1
2020-01,CWE-1088,1
2020-01,CWE-620,1
2020-01,CWE-640,1
2020-01,CWE-351,1
2020-01,CWE-83,1
2020-01,CWE-1103,1
2020-01,CWE-215,1
2020-01,CWE-675,1
2020-01,CWE-784,1
2020-01,CWE-368,1
2020-01,CWE-176,1
2020-01,CWE-277,1
2020-01,CWE-315,1
2020-01,CWE-829,1
2020-01,CWE-590,1
2020-01,CWE-475,1
2020-01,CWE-1244,1
2020-01,CWE-17,1
2020-01,CWE-323,1
2020-01,CWE-412,1
2020-01,CWE-472,1
2020-01,CWE-313,1
2020-01,CWE-435,1
2020-01,CWE-669,1
2020-01,CWE-807,1
2020-01,CWE-760,1
2020-01,CWE-366,1
2020-01,CWE-565,1
2020-01,CWE-239,1
2020-01,CWE-838,1
2020-01,CWE-260,1
2020-01,CWE-12,1
2020-01,CWE-413,1
2020-01,CWE-420,1
2020-01,CWE-684,1
2020-01,CWE-941,1
2020-01,CWE-279,1
2020-01,CWE-189,1
2020-01,CWE-1284,1
2020-01,CWE-644,1
2021-01,CWE-79,994
2021-01,CWE-20,334
2021-01,CWE-125,279
2021-01,CWE-89,275
2021-01,CWE-787,266
2021-01,CWE-200,219
2021-01,CWE-121,197
2021-01,CWE-22,195
2021-01,CWE-416,194
2021-01,CWE-352,193
2021-01,CWE-78,188
2021-01,CWE-284,157
2021-01,CWE-400,150
2021-01,CWE-122,129
2021-01,CWE-119,129
2021-01,CWE-476,124
2021-01,CWE-502,115
2021-01,CWE-120,108
2021-01,CWE-287,105
2021-01,CWE-434,96
2021-01,CWE-285,88
2021-01,CWE-269,84
2021-01,CWE-788,79
2021-01,CWE-863,76
2021-01,CWE-94,69
2021-01,CWE-601,67
2021-01,CWE-862,63
2021-01,CWE-918,60
2021-01,CWE-190,60
2021-01,CWE-369,57
2021-01,CWE-77,57
2021-01,CWE-427,52
2021-01,CWE-74,48
2021-01,CWE-306,48
2021-01,CWE-680,43
2021-01,CWE-295,39
2021-01,CWE-798,38
2021-01,CWE-276,37
2021-01,CWE-824,37
2021-01,CWE-754,36
2021-01,CWE-532,36
2021-01,CWE-611,34
2021-01,CWE-522,34
2021-01,CWE-732,33
2021-01,CWE-319,33
2021-01,CWE-347,32
2021-01,CWE-639,31
2021-01,CWE-401,30
2021-01,CWE-835,29
2021-01,CWE-59,26
2021-01,CWE-770,25
2021-01,CWE-755,23
2021-01,CWE-23,22
2021-01,CWE-613,22
2021-01,CWE-1321,21
2021-01,CWE-668,21
2021-01,CWE-552,21
2021-01,CWE-617,21
2021-01,CWE-843,21
2021-01,CWE-61,21
2021-01,CWE-290,20
2021-01,CWE-444,20
2021-01,CWE-80,19
2021-01,CWE-266,19
2021-01,CWE-379,18
2021-01,CWE-1333,18
2021-01,CWE-312,18
2021-01,CWE-665,17
2021-01,CWE-415,17
2021-01,CWE-250,17
2021-01,CWE-126,17
2021-01,CWE-362,17
2021-01,CWE-345,16
2021-01,CWE-209,16
2021-01,CWE-131,16
2021-01,CWE-703,16
2021-01,CWE-307,15
2021-01,CWE-822,15
2021-01,CWE-288,15
2021-01,CWE-908,14
2021-01,CWE-378,14
2021-01,CWE-264,13
2021-01,CWE-321,13
2021-01,CWE-399,13
2021-01,CWE-88,13
2021-01,CWE-170,12
2021-01,CWE-693,12
2021-01,CWE-259,12
2021-01,CWE-327,12
2021-01,CWE-191,12
2021-01,CWE-426,11
2021-01,CWE-1236,11
2021-01,CWE-203,11
2021-01,CWE-377,10
2021-01,CWE-674,10
2021-01,CWE-782,10
2021-01,CWE-681,10
2021-01,CWE-130,10
2021-01,CWE-116,10
2021-01,CWE-129,9
2021-01,CWE-916,9
2021-01,CWE-36,9
2021-01,CWE-358,9
2021-01,CWE-326,9
2021-01,CWE-330,9
2021-01,CWE-311,9
2021-01,CWE-367,9
2021-01,CWE-73,8
2021-01,CWE-823,8
2021-01,CWE-926,8
2021-01,CWE-201,8
2021-01,CWE-384,8
2021-01,CWE-91,8
2021-01,CWE-338,7
2021-01,CWE-922,7
2021-01,CWE-16,7
2021-01,CWE-640,7
2021-01,CWE-184,7
2021-01,CWE-472,7
2021-01,CWE-256,7
2021-01,CWE-208,7
2021-01,CWE-1021,7
2021-01,CWE-255,7
2021-01,CWE-799,7
2021-01,CWE-497,7
2021-01,CWE-24,7
2021-01,CWE-670,6
2021-01,CWE-441,6
2021-01,CWE-682,6
2021-01,CWE-772,6
2021-01,CWE-789,6
2021-01,CWE-305,6
2021-01,CWE-428,6
2021-01,CWE-241,6
2021-01,CWE-353,6
2021-01,CWE-840,6
2021-01,CWE-281,6
2021-01,CWE-551,6
2021-01,CWE-494,6
2021-01,CWE-913,6
2021-01,CWE-300,6
2021-01,CWE-548,5
2021-01,CWE-280,5
2021-01,CWE-404,5
2021-01,CWE-248,5
2021-01,CWE-540,5
2021-01,CWE-346,5
2021-01,CWE-489,5
2021-01,CWE-915,5
2021-01,CWE-706,5
2021-01,CWE-359,5
2021-01,CWE-457,5
2021-01,CWE-123,5
2021-01,CWE-90,5
2021-01,CWE-834,5
2021-01,CWE-521,5
2021-01,CWE-402,4
2021-01,CWE-565,4
2021-01,CWE-610,4
2021-01,CWE-829,4
2021-01,CWE-749,4
2021-01,CWE-1004,4
2021-01,CWE-779,4
2021-01,CWE-763,4
2021-01,CWE-257,4
2021-01,CWE-117,4
2021-01,CWE-538,4
2021-01,CWE-297,4
2021-01,CWE-204,4
2021-01,CWE-277,4
2021-01,CWE-316,4
2021-01,CWE-294,4
2021-01,CWE-35,4
2021-01,CWE-697,3
2021-01,CWE-807,3
2021-01,CWE-1286,3
2021-01,CWE-159,3
2021-01,CWE-708,3
2021-01,CWE-115,3
2021-01,CWE-202,3
2021-01,CWE-924,3
2021-01,CWE-185,3
2021-01,CWE-590,3
2021-01,CWE-75,3
2021-01,CWE-283,3
2021-01,CWE-912,3
2021-01,CWE-644,3
2021-01,CWE-620,3
2021-01,CWE-233,3
2021-01,CWE-1188,3
2021-01,CWE-15,3
2021-01,CWE-134,3
2021-01,CWE-602,3
2021-01,CWE-331,3
2021-01,CWE-325,3
2021-01,CWE-93,3
2021-01,CWE-303,3
2021-01,CWE-667,3
2021-01,CWE-776,3
2021-01,CWE-385,3
2021-01,CWE-943,3
2021-01,CWE-252,3
2021-01,CWE-178,3
2021-01,CWE-471,3
2021-01,CWE-296,3
2021-01,CWE-805,3
2021-01,CWE-98,3
2021-01,CWE-193,3
2021-01,CWE-614,3
2021-01,CWE-436,3
2021-01,CWE-588,2
2021-01,CWE-598,2
2021-01,CWE-194,2
2021-01,CWE-909,2
2021-01,CWE-350,2
2021-01,CWE-636,2
2021-01,CWE-26,2
2021-01,CWE-825,2
2021-01,CWE-917,2
2021-01,CWE-523,2
2021-01,CWE-1287,2
2021-01,CWE-372,2
2021-01,CWE-232,2
2021-01,CWE-270,2
2021-01,CWE-425,2
2021-01,CWE-778,2
2021-01,CWE-267,2
2021-01,CWE-261,2
2021-01,CWE-124,2
2021-01,CWE-64,2
2021-01,CWE-354,2
2021-01,CWE-302,2
2021-01,CWE-923,2
2021-01,CWE-642,2
2021-01,CWE-112,2
2021-01,CWE-95,2
2021-01,CWE-99,2
2021-01,CWE-470,2
2021-01,CWE-348,2
2021-01,CWE-1295,2
2021-01,CWE-183,2
2021-01,CWE-794,2
2021-01,CWE-1022,2
2021-01,CWE-451,2
2021-01,CWE-1284,2
2021-01,CWE-1241,2
2021-01,CWE-657,2
2021-01,CWE-704,1
2021-01,CWE-790,1
2021-01,CWE-688,1
2021-01,CWE-1278,1
2021-01,CWE-561,1
2021-01,CWE-96,1
2021-01,CWE-597,1
2021-01,CWE-141,1
2021-01,CWE-431,1
2021-01,CWE-562,1
2021-01,CWE-405,1
2021-01,CWE-113,1
2021-01,CWE-459,1
2021-01,CWE-214,1
2021-01,CWE-567,1
2021-01,CWE-534,1
2021-01,CWE-366,1
2021-01,CWE-1299,1
2021-01,CWE-368,1
2021-01,CWE-524,1
2021-01,CWE-253,1
2021-01,CWE-507,1
2021-01,CWE-274,1
2021-01,CWE-646,1
2021-01,CWE-599,1
2021-01,CWE-340,1
2021-01,CWE-1329,1
2021-01,CWE-406,1
2021-01,CWE-587,1
2021-01,CWE-539,1
2021-01,CWE-450,1
2021-01,CWE-1050,1
2021-01,CWE-460,1
2021-01,CWE-27,1
2021-01,CWE-1336,1
2021-01,CWE-1288,1
2021-01,CWE-228,1
2021-01,CWE-1076,1
2021-01,CWE-84,1
2021-01,CWE-127,1
2021-01,CWE-440,1
2021-01,CWE-1023,1
2021-01,CWE-349,1
2021-01,CWE-390,1
2021-01,CWE-664,1
2021-01,CWE-196,1
2021-01,CWE-940,1
2021-01,CWE-212,1
2021-01,CWE-649,1
2021-01,CWE-271,1
2021-01,CWE-357,1
2021-01,CWE-323,1
2021-01,CWE-150,1
2021-01,CWE-757,1
2021-01,CWE-114,1
2021-01,CWE-172,1
2021-01,CWE-942,1
2021-01,CWE-242,1
2021-01,CWE-833,1
2021-01,CWE-456,1
2021-01,CWE-830,1
2021-01,CWE-771,1
2021-01,CWE-342,1
2021-01,CWE-525,1
2021-01,CWE-210,1
2021-01,CWE-81,1
2021-01,CWE-527,1
2021-01,CWE-310,1
2021-01,CWE-335,1
2021-01,CWE-696,1
2021-01,CWE-410,1
2021-01,CWE-474,1
2021-01,CWE-939,1
2021-01,CWE-506,1
2021-01,CWE-329,1
2021-01,CWE-87,1
2021-01,CWE-11,1
2021-01,CWE-407,1
2021-01,CWE-690,1
2021-01,CWE-424,1
2021-01,CWE-19,1
2021-01,CWE-258,1
2021-01,CWE-573,1
2021-01,CWE-1325,1
2021-01,CWE-759,1
2021-01,CWE-240,1
2021-01,CWE-1024,1
2021-01,CWE-273,1
2021-01,CWE-435,1
2021-01,CWE-322,1
2021-01,CWE-669,1
2021-01,CWE-641,1
2021-01,CWE-603,1
2021-01,CWE-320,1
2021-01,CWE-334,1
2021-01,CWE-315,1
2021-01,CWE-1285,1
2021-01,CWE-836,1
2021-01,CWE-1220,1
2021-01,CWE-364,1
2021-01,CWE-563,1
2021-01,CWE-760,1
2021-01,CWE-337,1
2021-01,CWE-304,1
2021-01,CWE-328,1
2021-01,CWE-286,1
2021-01,CWE-260,1
2021-01,CWE-40,1
2021-01,CWE-710,1
2021-01,CWE-275,1
2021-01,CWE-289,1
2021-01,CWE-694,1
2021-01,CWE-1027,1
2022-01,CWE-79,2002
2022-01,CWE-787,902
2022-01,CWE-89,703
2022-01,CWE-20,590
2022-01,CWE-125,547
2022-01,CWE-352,457
2022-01,CWE-200,407
2022-01,CWE-416,395
2022-01,CWE-284,353
2022-01,CWE-22,343
2022-01,CWE-120,283
2022-01,CWE-78,257
2022-01,CWE-287,249
2022-01,CWE-119,242
2022-01,CWE-862,240
2022-01,CWE-434,227
2022-01,CWE-400,226
2022-01,CWE-476,210
2022-01,CWE-269,197
2022-01,CWE-707,190
2022-01,CWE-122,188
2022-01,CWE-121,168
2022-01,CWE-94,167
2022-01,CWE-863,140
2022-01,CWE-918,131
2022-01,CWE-190,128
2022-01,CWE-502,123
2022-01,CWE-306,117
2022-01,CWE-285,97
2022-01,CWE-276,97
2022-01,CWE-601,95
2022-01,CWE-427,86
2022-01,CWE-362,85
2022-01,CWE-77,85
2022-01,CWE-80,78
2022-01,CWE-770,78
2022-01,CWE-74,73
2022-01,CWE-639,73
2022-01,CWE-611,71
2022-01,CWE-798,69
2022-01,CWE-617,68
2022-01,CWE-404,65
2022-01,CWE-732,63
2022-01,CWE-295,62
2022-01,CWE-522,61
2022-01,CWE-532,57
2022-01,CWE-319,55
2022-01,CWE-129,52
2022-01,CWE-367,52
2022-01,CWE-401,51
2022-01,CWE-345,48
2022-01,CWE-264,46
2022-01,CWE-754,43
2022-01,CWE-693,40
2022-01,CWE-347,40
2022-01,CWE-23,39
2022-01,CWE-1333,39
2022-01,CWE-613,36
2022-01,CWE-552,35
2022-01,CWE-59,34
2022-01,CWE-288,34
2022-01,CWE-1021,34
2022-01,CWE-824,34
2022-01,CWE-307,32
2022-01,CWE-788,32
2022-01,CWE-203,32
2022-01,CWE-290,32
2022-01,CWE-755,31
2022-01,CWE-1321,31
2022-01,CWE-209,31
2022-01,CWE-126,31
2022-01,CWE-312,31
2022-01,CWE-327,30
2022-01,CWE-266,28
2022-01,CWE-1236,27
2022-01,CWE-665,27
2022-01,CWE-668,27
2022-01,CWE-843,26
2022-01,CWE-384,26
2022-01,CWE-250,25
2022-01,CWE-134,25
2022-01,CWE-281,25
2022-01,CWE-835,25
2022-01,CWE-415,25
2022-01,CWE-1284,24
2022-01,CWE-444,23
2022-01,CWE-321,23
2022-01,CWE-294,22
2022-01,CWE-369,22
2022-01,CWE-330,21
2022-01,CWE-73,20
2022-01,CWE-88,19
2022-01,CWE-521,19
2022-01,CWE-667,19
2022-01,CWE-459,18
2022-01,CWE-703,18
2022-01,CWE-256,18
2022-01,CWE-346,17
2022-01,CWE-326,17
2022-01,CWE-280,17
2022-01,CWE-908,17
2022-01,CWE-377,17
2022-01,CWE-191,17
2022-01,CWE-131,17
2022-01,CWE-359,16
2022-01,CWE-252,16
2022-01,CWE-425,16
2022-01,CWE-489,15
2022-01,CWE-311,15
2022-01,CWE-840,15
2022-01,CWE-922,15
2022-01,CWE-399,15
2022-01,CWE-130,15
2022-01,CWE-674,15
2022-01,CWE-116,14
2022-01,CWE-451,14
2022-01,CWE-670,13
2022-01,CWE-248,13
2022-01,CWE-193,13
2022-01,CWE-354,13
2022-01,CWE-428,13
2022-01,CWE-682,13
2022-01,CWE-305,13
2022-01,CWE-494,12
2022-01,CWE-789,12
2022-01,CWE-212,12
2022-01,CWE-664,12
2022-01,CWE-1188,11
2022-01,CWE-426,10
2022-01,CWE-310,10
2022-01,CWE-640,10
2022-01,CWE-614,10
2022-01,CWE-457,10
2022-01,CWE-610,10
2022-01,CWE-912,9
2022-01,CWE-241,9
2022-01,CWE-648,9
2022-01,CWE-322,9
2022-01,CWE-275,9
2022-01,CWE-829,9
2022-01,CWE-204,8
2022-01,CWE-213,8
2022-01,CWE-201,8
2022-01,CWE-823,8
2022-01,CWE-338,8
2022-01,CWE-259,8
2022-01,CWE-704,8
2022-01,CWE-208,8
2022-01,CWE-91,8
2022-01,CWE-672,8
2022-01,CWE-331,8
2022-01,CWE-123,8
2022-01,CWE-706,7
2022-01,CWE-602,7
2022-01,CWE-913,7
2022-01,CWE-1287,7
2022-01,CWE-916,7
2022-01,CWE-358,7
2022-01,CWE-772,7
2022-01,CWE-471,6
2022-01,CWE-95,6
2022-01,CWE-16,6
2022-01,CWE-497,6
2022-01,CWE-436,6
2022-01,CWE-406,6
2022-01,CWE-303,6
2022-01,CWE-1336,6
2022-01,CWE-1220,6
2022-01,CWE-681,6
2022-01,CWE-669,5
2022-01,CWE-304,5
2022-01,CWE-24,5
2022-01,CWE-697,5
2022-01,CWE-113,5
2022-01,CWE-680,5
2022-01,CWE-98,5
2022-01,CWE-690,5
2022-01,CWE-325,5
2022-01,CWE-184,5
2022-01,CWE-822,5
2022-01,CWE-229,5
2022-01,CWE-115,4
2022-01,CWE-917,4
2022-01,CWE-1286,4
2022-01,CWE-379,4
2022-01,CWE-197,4
2022-01,CWE-274,4
2022-01,CWE-538,4
2022-01,CWE-620,4
2022-01,CWE-915,4
2022-01,CWE-927,4
2022-01,CWE-385,4
2022-01,CWE-36,4
2022-01,CWE-302,4
2022-01,CWE-117,4
2022-01,CWE-93,4
2022-01,CWE-202,4
2022-01,CWE-548,4
2022-01,CWE-779,4
2022-01,CWE-335,4
2022-01,CWE-257,4
2022-01,CWE-233,4
2022-01,CWE-1285,4
2022-01,CWE-99,4
2022-01,CWE-1022,4
2022-01,CWE-192,4
2022-01,CWE-158,3
2022-01,CWE-549,3
2022-01,CWE-561,3
2022-01,CWE-453,3
2022-01,CWE-842,3
2022-01,CWE-841,3
2022-01,CWE-923,3
2022-01,CWE-424,3
2022-01,CWE-273,3
2022-01,CWE-124,3
2022-01,CWE-603,3
2022-01,CWE-776,3
2022-01,CWE-61,3
2022-01,CWE-524,3
2022-01,CWE-942,3
2022-01,CWE-255,3
2022-01,CWE-141,3
2022-01,CWE-75,3
2022-01,CWE-778,3
2022-01,CWE-612,3
2022-01,CWE-410,3
2022-01,CWE-407,3
2022-01,CWE-911,3
2022-01,CWE-35,3
2022-01,CWE-1004,3
2022-01,CWE-328,3
2022-01,CWE-472,3
2022-01,CWE-441,3
2022-01,CWE-598,3
2022-01,CWE-316,3
2022-01,CWE-334,3
2022-01,CWE-749,3
2022-01,CWE-657,3
2022-01,CWE-924,3
2022-01,CWE-87,3
2022-01,CWE-324,3
2022-01,CWE-282,3
2022-01,CWE-691,3
2022-01,CWE-114,2
2022-01,CWE-223,2
2022-01,CWE-1221,2
2022-01,CWE-342,2
2022-01,CWE-565,2
2022-01,CWE-662,2
2022-01,CWE-501,2
2022-01,CWE-940,2
2022-01,CWE-254,2
2022-01,CWE-378,2
2022-01,CWE-786,2
2022-01,CWE-261,2
2022-01,CWE-460,2
2022-01,CWE-440,2
2022-01,CWE-470,2
2022-01,CWE-757,2
2022-01,CWE-300,2
2022-01,CWE-409,2
2022-01,CWE-138,2
2022-01,CWE-180,2
2022-01,CWE-1258,2
2022-01,CWE-676,2
2022-01,CWE-909,2
2022-01,CWE-228,2
2022-01,CWE-1125,2
2022-01,CWE-642,2
2022-01,CWE-597,2
2022-01,CWE-807,2
2022-01,CWE-356,2
2022-01,CWE-189,2
2022-01,CWE-1191,2
2022-01,CWE-791,2
2022-01,CWE-25,2
2022-01,CWE-297,2
2022-01,CWE-348,2
2022-01,CWE-763,2
2022-01,CWE-37,2
2022-01,CWE-1259,2
2022-01,CWE-641,2
2022-01,CWE-150,2
2022-01,CWE-1038,2
2022-01,CWE-219,2
2022-01,CWE-815,2
2022-01,CWE-1283,2
2022-01,CWE-244,2
2022-01,CWE-112,2
2022-01,CWE-590,2
2022-01,CWE-708,2
2022-01,CWE-15,2
2022-01,CWE-644,2
2022-01,CWE-234,1
2022-01,CWE-475,1
2022-01,CWE-155,1
2022-01,CWE-562,1
2022-01,CWE-27,1
2022-01,CWE-279,1
2022-01,CWE-941,1
2022-01,CWE-1190,1
2022-01,CWE-756,1
2022-01,CWE-170,1
2022-01,CWE-450,1
2022-01,CWE-226,1
2022-01,CWE-1289,1
2022-01,CWE-671,1
2022-01,CWE-1270,1
2022-01,CWE-214,1
2022-01,CWE-696,1
2022-01,CWE-408,1
2022-01,CWE-317,1
2022-01,CWE-146,1
2022-01,CWE-805,1
2022-01,CWE-499,1
2022-01,CWE-480,1
2022-01,CWE-277,1
2022-01,CWE-1104,1
2022-01,CWE-232,1
2022-01,CWE-1288,1
2022-01,CWE-268,1
2022-01,CWE-394,1
2022-01,CWE-943,1
2022-01,CWE-118,1
2022-01,CWE-128,1
2022-01,CWE-336,1
2022-01,CWE-296,1
2022-01,CWE-196,1
2022-01,CWE-836,1
2022-01,CWE-1059,1
2022-01,CWE-363,1
2022-01,CWE-242,1
2022-01,CWE-85,1
2022-01,CWE-353,1
2022-01,CWE-1327,1
2022-01,CWE-65,1
2022-01,CWE-1250,1
2022-01,CWE-1026,1
2022-01,CWE-1247,1
2022-01,CWE-759,1
2022-01,CWE-599,1
2022-01,CWE-783,1
2022-01,CWE-939,1
2022-01,CWE-479,1
2022-01,CWE-1083,1
2022-01,CWE-1254,1
2022-01,CWE-351,1
2022-01,CWE-1244,1
2022-01,CWE-344,1
2022-01,CWE-272,1
2022-01,CWE-29,1
2022-01,CWE-821,1
2022-01,CWE-419,1
2022-01,CWE-1291,1
2022-01,CWE-357,1
2022-01,CWE-194,1
2022-01,CWE-413,1
2022-01,CWE-262,1
2022-01,CWE-606,1
2022-01,CWE-41,1
2022-01,CWE-102,1
2022-01,CWE-240,1
2022-01,CWE-1264,1
2022-01,CWE-448,1
2022-01,CWE-90,1
2022-01,CWE-215,1
2022-01,CWE-1118,1
2022-01,CWE-337,1
2022-01,CWE-926,1
2022-01,CWE-341,1
2022-01,CWE-177,1
2022-01,CWE-921,1
2022-01,CWE-710,1
2022-01,CWE-83,1
2022-01,CWE-804,1
2022-01,CWE-456,1
2022-01,CWE-405,1
2022-01,CWE-689,1
2022-01,CWE-684,1
2022-01,CWE-391,1
2022-01,CWE-1299,1
2022-01,CWE-571,1
2022-01,CWE-643,1
2022-01,CWE-523,1
2022-01,CWE-1218,1
2022-01,CWE-1007,1
2022-01,CWE-1320,1
2022-01,CWE-477,1
2022-01,CWE-1173,1
2022-01,CWE-834,1
2022-01,CWE-236,1
2022-01,CWE-395,1
2022-01,CWE-235,1
2022-01,CWE-368,1
2022-01,CWE-84,1
2022-01,CWE-187,1
2022-01,CWE-179,1
2022-01,CWE-833,1
2022-01,CWE-420,1
2022-01,CWE-183,1
2022-01,CWE-1077,1
2022-01,CWE-267,1
2022-01,CWE-402,1
2022-01,CWE-650,1
2022-01,CWE-286,1
2022-01,CWE-455,1
2022-01,CWE-176,1
2022-01,CWE-283,1
2022-01,CWE-1108,1
2022-01,CWE-366,1
2022-01,CWE-96,1
2022-01,CWE-253,1
2022-01,CWE-1352,1
2022-01,CWE-1390,1
2022-01,CWE-1319,1
2022-01,CWE-271,1
2023-01,CWE-79,3542
2023-01,CWE-89,1632
2023-01,CWE-352,947
2023-01,CWE-787,901
2023-01,CWE-20,721
2023-01,CWE-125,688
2023-01,CWE-200,579
2023-01,CWE-22,516
2023-01,CWE-416,498
2023-01,CWE-284,477
2023-01,CWE-78,470
2023-01,CWE-120,446
2023-01,CWE-434,360
2023-01,CWE-400,341
2023-01,CWE-77,341
2023-01,CWE-121,333
2023-01,CWE-94,327
2023-01,CWE-862,308
2023-01,CWE-863,301
2023-01,CWE-269,272
2023-01,CWE-122,257
2023-01,CWE-287,230
2023-01,CWE-502,216
2023-01,CWE-476,204
2023-01,CWE-918,199
2023-01,CWE-190,199
2023-01,CWE-306,167
2023-01,CWE-770,166
2023-01,CWE-119,161
2023-01,CWE-276,154
2023-01,CWE-285,133
2023-01,CWE-601,133
2023-01,CWE-126,112
2023-01,CWE-611,110
2023-01,CWE-532,108
2023-01,CWE-427,107
2023-01,CWE-798,104
2023-01,CWE-74,101
2023-01,CWE-732,99
2023-01,CWE-639,94
2023-01,CWE-367,81
2023-01,CWE-404,81
2023-01,CWE-522,78
2023-01,CWE-295,77
2023-01,CWE-59,76
2023-01,CWE-843,73
2023-01,CWE-319,73
2023-01,CWE-307,70
2023-01,CWE-312,69
2023-01,CWE-1333,67
2023-01,CWE-347,62
2023-01,CWE-362,62
2023-01,CWE-203,58
2023-01,CWE-209,56
2023-01,CWE-613,55
2023-01,CWE-401,55
2023-01,CWE-617,53
2023-01,CWE-668,53
2023-01,CWE-346,51
2023-01,CWE-426,50
2023-01,CWE-327,50
2023-01,CWE-290,49
2023-01,CWE-552,48
2023-01,CWE-835,48
2023-01,CWE-754,46
2023-01,CWE-80,46
2023-01,CWE-23,46
2023-01,CWE-191,45
2023-01,CWE-415,45
2023-01,CWE-824,44
2023-01,CWE-345,44
2023-01,CWE-1236,42
2023-01,CWE-384,40
2023-01,CWE-755,40
2023-01,CWE-693,40
2023-01,CWE-1321,39
2023-01,CWE-129,39
2023-01,CWE-73,37
2023-01,CWE-922,36
2023-01,CWE-591,35
2023-01,CWE-281,35
2023-01,CWE-116,35
2023-01,CWE-665,34
2023-01,CWE-326,32
2023-01,CWE-288,32
2023-01,CWE-908,30
2023-01,CWE-321,29
2023-01,CWE-1284,28
2023-01,CWE-521,27
2023-01,CWE-640,27
2023-01,CWE-248,27
2023-01,CWE-330,27
2023-01,CWE-250,27
2023-01,CWE-1021,25
2023-01,CWE-494,25
2023-01,CWE-428,24
2023-01,CWE-444,24
2023-01,CWE-134,24
2023-01,CWE-95,22
2023-01,CWE-697,22
2023-01,CWE-256,22
2023-01,CWE-311,22
2023-01,CWE-703,22
2023-01,CWE-822,21
2023-01,CWE-266,21
2023-01,CWE-294,21
2023-01,CWE-670,20
2023-01,CWE-674,19
2023-01,CWE-24,19
2023-01,CWE-369,18
2023-01,CWE-305,18
2023-01,CWE-823,18
2023-01,CWE-749,18
2023-01,CWE-359,18
2023-01,CWE-208,17
2023-01,CWE-204,17
2023-01,CWE-1188,17
2023-01,CWE-201,17
2023-01,CWE-259,16
2023-01,CWE-117,16
2023-01,CWE-354,15
2023-01,CWE-829,15
2023-01,CWE-667,15
2023-01,CWE-277,15
2023-01,CWE-425,15
2023-01,CWE-680,15
2023-01,CWE-436,14
2023-01,CWE-264,14
2023-01,CWE-252,14
2023-01,CWE-29,13
2023-01,CWE-789,13
2023-01,CWE-131,13
2023-01,CWE-113,13
2023-01,CWE-459,12
2023-01,CWE-489,12
2023-01,CWE-610,12
2023-01,CWE-1336,12
2023-01,CWE-840,12
2023-01,CWE-88,12
2023-01,CWE-916,12
2023-01,CWE-92,12
2023-01,CWE-35,12
2023-01,CWE-280,11
2023-01,CWE-36,11
2023-01,CWE-267,11
2023-01,CWE-912,11
2023-01,CWE-457,11
2023-01,CWE-602,10
2023-01,CWE-338,10
2023-01,CWE-377,10
2023-01,CWE-682,10
2023-01,CWE-691,10
2023-01,CWE-497,10
2023-01,CWE-328,10
2023-01,CWE-704,9
2023-01,CWE-1220,9
2023-01,CWE-91,9
2023-01,CWE-379,9
2023-01,CWE-942,9
2023-01,CWE-407,9
2023-01,CWE-303,9
2023-01,CWE-1386,9
2023-01,CWE-917,9
2023-01,CWE-358,9
2023-01,CWE-93,9
2023-01,CWE-184,9
2023-01,CWE-257,8
2023-01,CWE-331,8
2023-01,CWE-14,8
2023-01,CWE-1385,8
2023-01,CWE-662,8
2023-01,CWE-420,8
2023-01,CWE-297,8
2023-01,CWE-15,8
2023-01,CWE-193,8
2023-01,CWE-1287,8
2023-01,CWE-923,8
2023-01,CWE-825,8
2023-01,CWE-261,8
2023-01,CWE-87,8
2023-01,CWE-286,8
2023-01,CWE-538,8
2023-01,CWE-648,8
2023-01,CWE-98,7
2023-01,CWE-681,7
2023-01,CWE-27,7
2023-01,CWE-913,7
2023-01,CWE-275,7
2023-01,CWE-325,7
2023-01,CWE-763,7
2023-01,CWE-772,7
2023-01,CWE-289,6
2023-01,CWE-75,6
2023-01,CWE-614,6
2023-01,CWE-150,6
2023-01,CWE-926,6
2023-01,CWE-1320,6
2023-01,CWE-706,6
2023-01,CWE-1393,6
2023-01,CWE-834,6
2023-01,CWE-788,6
2023-01,CWE-565,6
2023-01,CWE-1286,6
2023-01,CWE-598,6
2023-01,CWE-378,5
2023-01,CWE-620,5
2023-01,CWE-274,5
2023-01,CWE-268,5
2023-01,CWE-451,5
2023-01,CWE-636,5
2023-01,CWE-833,5
2023-01,CWE-927,5
2023-01,CWE-501,5
2023-01,CWE-915,5
2023-01,CWE-449,5
2023-01,CWE-453,5
2023-01,CWE-310,5
2023-01,CWE-90,5
2023-01,CWE-130,5
2023-01,CWE-170,5
2023-01,CWE-836,5
2023-01,CWE-1285,5
2023-01,CWE-701,5
2023-01,CWE-249,4
2023-01,CWE-253,4
2023-01,CWE-470,4
2023-01,CWE-807,4
2023-01,CWE-402,4
2023-01,CWE-421,4
2023-01,CWE-424,4
2023-01,CWE-540,4
2023-01,CWE-300,4
2023-01,CWE-669,4
2023-01,CWE-16,4
2023-01,CWE-197,4
2023-01,CWE-323,4
2023-01,CWE-911,4
2023-01,CWE-1391,4
2023-01,CWE-273,4
2023-01,CWE-213,4
2023-01,CWE-837,4
2023-01,CWE-1390,4
2023-01,CWE-316,4
2023-01,CWE-173,4
2023-01,CWE-684,4
2023-01,CWE-664,4
2023-01,CWE-366,4
2023-01,CWE-924,4
2023-01,CWE-440,4
2023-01,CWE-349,4
2023-01,CWE-590,4
2023-01,CWE-233,4
2023-01,CWE-708,4
2023-01,CWE-195,4
2023-01,CWE-140,4
2023-01,CWE-644,4
2023-01,CWE-178,4
2023-01,CWE-940,4
2023-01,CWE-232,4
2023-01,CWE-313,4
2023-01,CWE-1004,4
2023-01,CWE-395,4
2023-01,CWE-176,4
2023-01,CWE-399,3
2023-01,CWE-226,3
2023-01,CWE-168,3
2023-01,CWE-799,3
2023-01,CWE-183,3
2023-01,CWE-1077,3
2023-01,CWE-114,3
2023-01,CWE-805,3
2023-01,CWE-606,3
2023-01,CWE-304,3
2023-01,CWE-653,3
2023-01,CWE-471,3
2023-01,CWE-392,3
2023-01,CWE-1270,3
2023-01,CWE-413,3
2023-01,CWE-146,3
2023-01,CWE-792,3
2023-01,CWE-83,3
2023-01,CWE-841,3
2023-01,CWE-409,3
2023-01,CWE-394,3
2023-01,CWE-244,3
2023-01,CWE-96,3
2023-01,CWE-842,3
2023-01,CWE-279,3
2023-01,CWE-124,3
2023-01,CWE-1288,3
2023-01,CWE-475,3
2023-01,CWE-202,3
2023-01,CWE-523,3
2023-01,CWE-241,3
2023-01,CWE-302,3
2023-01,CWE-1295,3
2023-01,CWE-548,3
2023-01,CWE-61,3
2023-01,CWE-1392,3
2023-01,CWE-460,3
2023-01,CWE-526,3
2023-01,CWE-372,3
2023-01,CWE-776,3
2023-01,CWE-270,3
2023-01,CWE-223,3
2023-01,CWE-1263,3
2023-01,CWE-410,3
2023-01,CWE-696,3
2023-01,CWE-167,3
2023-01,CWE-643,3
2023-01,CWE-337,3
2023-01,CWE-1234,2
2023-01,CWE-1272,2
2023-01,CWE-1230,2
2023-01,CWE-1327,2
2023-01,CWE-549,2
2023-01,CWE-757,2
2023-01,CWE-291,2
2023-01,CWE-240,2
2023-01,CWE-308,2
2023-01,CWE-37,2
2023-01,CWE-784,2
2023-01,CWE-535,2
2023-01,CWE-839,2
2023-01,CWE-1299,2
2023-01,CWE-1173,2
2023-01,CWE-272,2
2023-01,CWE-441,2
2023-01,CWE-86,2
2023-01,CWE-1258,2
2023-01,CWE-262,2
2023-01,CWE-694,2
2023-01,CWE-1022,2
2023-01,CWE-1274,2
2023-01,CWE-99,2
2023-01,CWE-778,2
2023-01,CWE-1419,2
2023-01,CWE-282,2
2023-01,CWE-81,2
2023-01,CWE-21,2
2023-01,CWE-26,2
2023-01,CWE-118,2
2023-01,CWE-329,2
2023-01,CWE-544,2
2023-01,CWE-271,2
2023-01,CWE-334,2
2023-01,CWE-790,2
2023-01,CWE-762,2
2023-01,CWE-820,2
2023-01,CWE-351,2
2023-01,CWE-473,2
2023-01,CWE-838,2
2023-01,CWE-921,2
2023-01,CWE-477,2
2023-01,CWE-652,2
2023-01,CWE-412,2
2023-01,CWE-76,2
2023-01,CWE-672,2
2023-01,CWE-353,2
2023-01,CWE-683,2
2023-01,CWE-320,2
2023-01,CWE-215,2
2023-01,CWE-1303,2
2023-01,CWE-364,2
2023-01,CWE-84,2
2023-01,CWE-1116,2
2023-01,CWE-260,2
2023-01,CWE-265,2
2023-01,CWE-1104,2
2023-01,CWE-791,2
2023-01,CWE-786,1
2023-01,CWE-293,1
2023-01,CWE-1279,1
2023-01,CWE-1047,1
2023-01,CWE-657,1
2023-01,CWE-28,1
2023-01,CWE-562,1
2023-01,CWE-299,1
2023-01,CWE-355,1
2023-01,CWE-148,1
2023-01,CWE-82,1
2023-01,CWE-1103,1
2023-01,CWE-1282,1
2023-01,CWE-342,1
2023-01,CWE-914,1
2023-01,CWE-298,1
2023-01,CWE-196,1
2023-01,CWE-234,1
2023-01,CWE-1018,1
2023-01,CWE-332,1
2023-01,CWE-524,1
2023-01,CWE-1125,1
2023-01,CWE-115,1
2023-01,CWE-779,1
2023-01,CWE-645,1
2023-01,CWE-642,1
2023-01,CWE-686,1
2023-01,CWE-1224,1
2023-01,CWE-539,1
2023-01,CWE-314,1
2023-01,CWE-1112,1
2023-01,CWE-939,1
2023-01,CWE-612,1
2023-01,CWE-437,1
2023-01,CWE-1250,1
2023-01,CWE-149,1
2023-01,CWE-144,1
2023-01,CWE-771,1
2023-01,CWE-692,1
2023-01,CWE-258,1
2023-01,CWE-488,1
2023-01,CWE-1233,1
2023-01,CWE-506,1
2023-01,CWE-760,1
2023-01,CWE-1260,1
2023-01,CWE-177,1
2023-01,CWE-1246,1
2023-01,CWE-242,1
2023-01,CWE-231,1
2023-01,CWE-385,1
2023-01,CWE-318,1
2023-01,CWE-237,1
2023-01,CWE-830,1
2023-01,CWE-555,1
2023-01,CWE-1298,1
2023-01,CWE-567,1
2023-01,CWE-1253,1
2023-01,CWE-344,1
2023-01,CWE-641,1
2023-01,CWE-393,1
2023-01,CWE-1325,1
2023-01,CWE-547,1
2023-01,CWE-1395,1
2023-01,CWE-356,1
2023-01,CWE-210,1
2023-01,CWE-1039,1
2023-01,CWE-391,1
2023-01,CWE-647,1
2023-01,CWE-1265,1
2023-01,CWE-41,1
2023-01,CWE-1050,1
2023-01,CWE-147,1
2023-01,CWE-19,1
2023-01,CWE-780,1
2023-01,CWE-230,1
2023-01,CWE-1335,1
2023-01,CWE-1049,1
2023-01,CWE-278,1
2023-01,CWE-756,1
2023-01,CWE-419,1
2023-01,CWE-1251,1
2023-01,CWE-212,1
2023-01,CWE-138,1
2023-01,CWE-599,1
2023-01,CWE-112,1
2023-01,CWE-406,1
2023-01,CWE-534,1
2023-01,CWE-324,1
2023-01,CWE-550,1
2023-01,CWE-456,1
2023-01,CWE-925,1
2023-01,CWE-1241,1
2023-01,CWE-25,1
2023-01,CWE-1283,1
2023-01,CWE-263,1
2023-01,CWE-530,1
2023-01,CWE-941,1
2023-01,CWE-616,1
2023-01,CWE-1281,1
2023-01,CWE-1231,1
2023-01,CWE-227,1
2023-01,CWE-710,1
2023-01,CWE-821,1
2023-01,CWE-350,1
2023-01,CWE-283,1
2023-01,CWE-1326,1
2023-01,CWE-446,1
2023-01,CWE-50,1
2023-01,CWE-671,1
2023-01,CWE-690,1
2023-01,CWE-758,1
2023-01,CWE-1204,1
2023-01,CWE-1319,1
2023-01,CWE-158,1
2023-01,CWE-34,1
2023-01,CWE-1334,1
2023-01,CWE-1262,1
2023-01,CWE-525,1
2023-01,CWE-551,1
2023-01,CWE-388,1
2023-01,CWE-1342,1
2023-01,CWE-826,1
2023-01,CWE-405,1
2024-01,CWE-79,5983
2024-01,CWE-89,2551
2024-01,CWE-862,1498
2024-01,CWE-352,1155
2024-01,CWE-125,970
2024-01,CWE-22,910
2024-01,CWE-121,899
2024-01,CWE-416,868
2024-01,CWE-787,851
2024-01,CWE-200,820
2024-01,CWE-78,753
2024-01,CWE-284,744
2024-01,CWE-20,722
2024-01,CWE-94,704
2024-01,CWE-434,699
2024-01,CWE-120,630
2024-01,CWE-122,531
2024-01,CWE-77,466
2024-01,CWE-269,432
2024-01,CWE-400,429
2024-01,CWE-502,382
2024-01,CWE-476,361
2024-01,CWE-863,357
2024-01,CWE-918,337
2024-01,CWE-74,305
2024-01,CWE-287,278
2024-01,CWE-119,266
2024-01,CWE-276,262
2024-01,CWE-639,242
2024-01,CWE-190,223
2024-01,CWE-306,211
2024-01,CWE-770,198
2024-01,CWE-532,182
2024-01,CWE-427,175
2024-01,CWE-285,169
2024-01,CWE-798,164
2024-01,CWE-601,158
2024-01,CWE-59,131
2024-01,CWE-732,130
2024-01,CWE-80,124
2024-01,CWE-922,121
2024-01,CWE-290,121
2024-01,CWE-843,120
2024-01,CWE-295,116
2024-01,CWE-611,113
2024-01,CWE-362,112
2024-01,CWE-288,107
2024-01,CWE-266,105
2024-01,CWE-522,100
2024-01,CWE-126,100
2024-01,CWE-404,93
2024-01,CWE-693,90
2024-01,CWE-312,87
2024-01,CWE-367,85
2024-01,CWE-203,84
2024-01,CWE-319,79
2024-01,CWE-23,79
2024-01,CWE-307,76
2024-01,CWE-73,75
2024-01,CWE-347,75
2024-01,CWE-281,74
2024-01,CWE-1333,72
2024-01,CWE-754,70
2024-01,CWE-209,69
2024-01,CWE-613,69
2024-01,CWE-250,68
2024-01,CWE-327,68
2024-01,CWE-1321,65
2024-01,CWE-401,62
2024-01,CWE-98,61
2024-01,CWE-552,60
2024-01,CWE-835,59
2024-01,CWE-346,55
2024-01,CWE-191,53
2024-01,CWE-822,53
2024-01,CWE-256,51
2024-01,CWE-259,50
2024-01,CWE-345,49
2024-01,CWE-755,48
2024-01,CWE-426,48
2024-01,CWE-415,45
2024-01,CWE-908,45
2024-01,CWE-497,45
2024-01,CWE-116,44
2024-01,CWE-444,43
2024-01,CWE-457,43
2024-01,CWE-35,42
2024-01,CWE-326,41
2024-01,CWE-749,41
2024-01,CWE-280,40
2024-01,CWE-321,38
2024-01,CWE-129,38
2024-01,CWE-359,38
2024-01,CWE-88,37
2024-01,CWE-617,36
2024-01,CWE-1021,34
2024-01,CWE-451,34
2024-01,CWE-248,34
2024-01,CWE-384,34
2024-01,CWE-640,32
2024-01,CWE-521,31
2024-01,CWE-311,30
2024-01,CWE-204,30
2024-01,CWE-703,30
2024-01,CWE-1284,29
2024-01,CWE-1336,29
2024-01,CWE-95,29
2024-01,CWE-305,28
2024-01,CWE-61,28
2024-01,CWE-428,28
2024-01,CWE-36,28
2024-01,CWE-294,28
2024-01,CWE-674,27
2024-01,CWE-29,27
2024-01,CWE-24,27
2024-01,CWE-1188,27
2024-01,CWE-277,26
2024-01,CWE-197,26
2024-01,CWE-707,26
2024-01,CWE-201,26
2024-01,CWE-134,26
2024-01,CWE-303,25
2024-01,CWE-591,25
2024-01,CWE-264,24
2024-01,CWE-668,24
2024-01,CWE-208,24
2024-01,CWE-665,23
2024-01,CWE-824,23
2024-01,CWE-1392,22
2024-01,CWE-670,22
2024-01,CWE-1287,22
2024-01,CWE-92,22
2024-01,CWE-823,22
2024-01,CWE-117,21
2024-01,CWE-330,21
2024-01,CWE-1236,21
2024-01,CWE-425,21
2024-01,CWE-1390,20
2024-01,CWE-354,19
2024-01,CWE-358,19
2024-01,CWE-130,19
2024-01,CWE-252,18
2024-01,CWE-1220,18
2024-01,CWE-799,17
2024-01,CWE-942,17
2024-01,CWE-1391,17
2024-01,CWE-338,17
2024-01,CWE-789,16
2024-01,CWE-131,16
2024-01,CWE-829,16
2024-01,CWE-75,16
2024-01,CWE-602,16
2024-01,CWE-369,15
2024-01,CWE-1286,15
2024-01,CWE-489,15
2024-01,CWE-494,15
2024-01,CWE-912,15
2024-01,CWE-459,14
2024-01,CWE-940,14
2024-01,CWE-772,14
2024-01,CWE-840,14
2024-01,CWE-328,13
2024-01,CWE-407,13
2024-01,CWE-331,13
2024-01,CWE-93,12
2024-01,CWE-257,12
2024-01,CWE-923,12
2024-01,CWE-91,12
2024-01,CWE-267,12
2024-01,CWE-261,12
2024-01,CWE-436,12
2024-01,CWE-348,12
2024-01,CWE-783,12
2024-01,CWE-16,12
2024-01,CWE-690,12
2024-01,CWE-610,12
2024-01,CWE-704,11
2024-01,CWE-470,11
2024-01,CWE-184,11
2024-01,CWE-31,11
2024-01,CWE-620,11
2024-01,CWE-614,11
2024-01,CWE-123,11
2024-01,CWE-788,11
2024-01,CWE-653,11
2024-01,CWE-598,11
2024-01,CWE-193,10
2024-01,CWE-233,10
2024-01,CWE-395,10
2024-01,CWE-27,10
2024-01,CWE-697,10
2024-01,CWE-644,10
2024-01,CWE-680,10
2024-01,CWE-472,10
2024-01,CWE-272,9
2024-01,CWE-385,9
2024-01,CWE-99,9
2024-01,CWE-548,9
2024-01,CWE-15,9
2024-01,CWE-405,9
2024-01,CWE-538,9
2024-01,CWE-525,9
2024-01,CWE-926,9
2024-01,CWE-782,9
2024-01,CWE-212,9
2024-01,CWE-302,9
2024-01,CWE-1285,9
2024-01,CWE-488,9
2024-01,CWE-682,9
2024-01,CWE-916,9
2024-01,CWE-565,9
2024-01,CWE-324,8
2024-01,CWE-1393,8
2024-01,CWE-286,8
2024-01,CWE-297,8
2024-01,CWE-282,8
2024-01,CWE-924,8
2024-01,CWE-357,8
2024-01,CWE-1288,8
2024-01,CWE-927,8
2024-01,CWE-540,8
2024-01,CWE-691,8
2024-01,CWE-776,8
2024-01,CWE-316,8
2024-01,CWE-706,8
2024-01,CWE-841,8
2024-01,CWE-150,8
2024-01,CWE-440,8
2024-01,CWE-1395,8
2024-01,CWE-917,8
2024-01,CWE-26,8
2024-01,CWE-241,7
2024-01,CWE-524,7
2024-01,CWE-313,7
2024-01,CWE-378,7
2024-01,CWE-229,7
2024-01,CWE-791,7
2024-01,CWE-270,7
2024-01,CWE-698,7
2024-01,CWE-805,7
2024-01,CWE-377,7
2024-01,CWE-323,7
2024-01,CWE-664,7
2024-01,CWE-76,7
2024-01,CWE-273,7
2024-01,CWE-349,7
2024-01,CWE-648,7
2024-01,CWE-1327,6
2024-01,CWE-230,6
2024-01,CWE-1295,6
2024-01,CWE-939,6
2024-01,CWE-170,6
2024-01,CWE-684,6
2024-01,CWE-300,6
2024-01,CWE-379,6
2024-01,CWE-409,6
2024-01,CWE-113,6
2024-01,CWE-474,6
2024-01,CWE-915,6
2024-01,CWE-202,6
2024-01,CWE-667,6
2024-01,CWE-178,6
2024-01,CWE-681,6
2024-01,CWE-807,6
2024-01,CWE-672,6
2024-01,CWE-825,6
2024-01,CWE-1263,6
2024-01,CWE-96,6
2024-01,CWE-790,6
2024-01,CWE-1394,6
2024-01,CWE-501,6
2024-01,CWE-274,6
2024-01,CWE-420,5
2024-01,CWE-786,5
2024-01,CWE-25,5
2024-01,CWE-90,5
2024-01,CWE-424,5
2024-01,CWE-650,5
2024-01,CWE-419,5
2024-01,CWE-335,5
2024-01,CWE-530,5
2024-01,CWE-213,5
2024-01,CWE-1289,5
2024-01,CWE-943,5
2024-01,CWE-1004,5
2024-01,CWE-155,5
2024-01,CWE-406,5
2024-01,CWE-696,5
2024-01,CWE-353,5
2024-01,CWE-310,5
2024-01,CWE-340,5
2024-01,CWE-606,5
2024-01,CWE-701,5
2024-01,CWE-821,5
2024-01,CWE-913,5
2024-01,CWE-599,4
2024-01,CWE-763,4
2024-01,CWE-350,4
2024-01,CWE-1191,4
2024-01,CWE-308,4
2024-01,CWE-176,4
2024-01,CWE-138,4
2024-01,CWE-1242,4
2024-01,CWE-118,4
2024-01,CWE-253,4
2024-01,CWE-390,4
2024-01,CWE-453,4
2024-01,CWE-41,4
2024-01,CWE-909,4
2024-01,CWE-449,4
2024-01,CWE-114,4
2024-01,CWE-1230,4
2024-01,CWE-356,4
2024-01,CWE-1240,4
2024-01,CWE-616,4
2024-01,CWE-258,4
2024-01,CWE-1104,4
2024-01,CWE-86,4
2024-01,CWE-778,4
2024-01,CWE-228,4
2024-01,CWE-399,4
2024-01,CWE-140,4
2024-01,CWE-279,4
2024-01,CWE-762,4
2024-01,CWE-441,4
2024-01,CWE-304,4
2024-01,CWE-1325,4
2024-01,CWE-183,4
2024-01,CWE-226,4
2024-01,CWE-646,4
2024-01,CWE-87,4
2024-01,CWE-214,4
2024-01,CWE-391,4
2024-01,CWE-708,3
2024-01,CWE-334,3
2024-01,CWE-1385,3
2024-01,CWE-231,3
2024-01,CWE-830,3
2024-01,CWE-185,3
2024-01,CWE-456,3
2024-01,CWE-291,3
2024-01,CWE-268,3
2024-01,CWE-676,3
2024-01,CWE-523,3
2024-01,CWE-124,3
2024-01,CWE-779,3
2024-01,CWE-833,3
2024-01,CWE-1386,3
2024-01,CWE-289,3
2024-01,CWE-322,3
2024-01,CWE-547,3
2024-01,CWE-283,3
2024-01,CWE-643,3
2024-01,CWE-278,3
2024-01,CWE-757,3
2024-01,CWE-364,3
2024-01,CWE-215,3
2024-01,CWE-81,3
2024-01,CWE-219,3
2024-01,CWE-460,3
2024-01,CWE-911,3
2024-01,CWE-1259,3
2024-01,CWE-325,3
2024-01,CWE-402,3
2024-01,CWE-275,3
2024-01,CWE-1326,3
2024-01,CWE-842,3
2024-01,CWE-838,3
2024-01,CWE-657,3
2024-01,CWE-1357,3
2024-01,CWE-669,3
2024-01,CWE-636,3
2024-01,CWE-475,3
2024-01,CWE-158,3
2024-01,CWE-1275,3
2024-01,CWE-603,3
2024-01,CWE-315,3
2024-01,CWE-97,3
2024-01,CWE-32,2
2024-01,CWE-921,2
2024-01,CWE-612,2
2024-01,CWE-366,2
2024-01,CWE-820,2
2024-01,CWE-363,2
2024-01,CWE-177,2
2024-01,CWE-187,2
2024-01,CWE-625,2
2024-01,CWE-1258,2
2024-01,CWE-1256,2
2024-01,CWE-1189,2
2024-01,CWE-549,2
2024-01,CWE-1319,2
2024-01,CWE-1107,2
2024-01,CWE-622,2
2024-01,CWE-641,2
2024-01,CWE-759,2
2024-01,CWE-466,2
2024-01,CWE-506,2
2024-01,CWE-834,2
2024-01,CWE-1269,2
2024-01,CWE-351,2
2024-01,CWE-914,2
2024-01,CWE-767,2
2024-01,CWE-67,2
2024-01,CWE-317,2
2024-01,CWE-115,2
2024-01,CWE-837,2
2024-01,CWE-421,2
2024-01,CWE-1255,2
2024-01,CWE-1245,2
2024-01,CWE-925,2
2024-01,CWE-687,2
2024-01,CWE-83,2
2024-01,CWE-341,2
2024-01,CWE-271,2
2024-01,CWE-645,2
2024-01,CWE-146,2
2024-01,CWE-692,2
2024-01,CWE-1037,2
2024-01,CWE-410,2
2024-01,CWE-642,2
2024-01,CWE-941,2
2024-01,CWE-337,2
2024-01,CWE-468,2
2024-01,CWE-1068,2
2024-01,CWE-526,2
2024-01,CWE-1299,2
2024-01,CWE-320,2
2024-01,CWE-662,2
2024-01,CWE-561,2
2024-01,CWE-255,2
2024-01,CWE-447,2
2024-01,CWE-649,2
2024-01,CWE-463,2
2024-01,CWE-1332,2
2024-01,CWE-804,2
2024-01,CWE-195,2
2024-01,CWE-828,2
2024-01,CWE-592,2
2024-01,CWE-544,2
2024-01,CWE-600,1
2024-01,CWE-1389,1
2024-01,CWE-1246,1
2024-01,CWE-414,1
2024-01,CWE-1421,1
2024-01,CWE-40,1
2024-01,CWE-1022,1
2024-01,CWE-1300,1
2024-01,CWE-11,1
2024-01,CWE-1057,1
2024-01,CWE-556,1
2024-01,CWE-1108,1
2024-01,CWE-1419,1
2024-01,CWE-159,1
2024-01,CWE-182,1
2024-01,CWE-1125,1
2024-01,CWE-1025,1
2024-01,CWE-765,1
2024-01,CWE-84,1
2024-01,CWE-528,1
2024-01,CWE-1270,1
2024-01,CWE-761,1
2024-01,CWE-205,1
2024-01,CWE-1264,1
2024-01,CWE-431,1
2024-01,CWE-1304,1
2024-01,CWE-832,1
2024-01,CWE-235,1
2024-01,CWE-371,1
2024-01,CWE-1303,1
2024-01,CWE-482,1
2024-01,CWE-1051,1
2024-01,CWE-1076,1
2024-01,CWE-570,1
2024-01,CWE-21,1
2024-01,CWE-368,1
2024-01,CWE-566,1
2024-01,CWE-758,1
2024-01,CWE-69,1
2024-01,CWE-148,1
2024-01,CWE-480,1
2024-01,CWE-1050,1
2024-01,CWE-1260,1
2024-01,CWE-1298,1
2024-01,CWE-28,1
2024-01,CWE-128,1
2024-01,CWE-471,1
2024-01,CWE-550,1
2024-01,CWE-1251,1
2024-01,CWE-467,1
2024-01,CWE-654,1
2024-01,CWE-1055,1
2024-01,CWE-386,1
2024-01,CWE-372,1
2024-01,CWE-172,1
2024-01,CWE-760,1
2024-01,CWE-694,1
2024-01,CWE-260,1
2024-01,CWE-564,1
2024-01,CWE-450,1
2024-01,CWE-147,1
2024-01,CWE-473,1
2024-01,CWE-249,1
2024-01,CWE-199,1
2024-01,CWE-784,1
2024-01,CWE-403,1
2024-01,CWE-242,1
2024-01,CWE-826,1
2024-01,CWE-1283,1
2024-01,CWE-393,1
2024-01,CWE-166,1
2024-01,CWE-605,1
2024-01,CWE-1250,1
2024-01,CWE-265,1
2024-01,CWE-562,1
2024-01,CWE-154,1
2024-01,CWE-491,1
2024-01,CWE-1281,1
2024-01,CWE-179,1
2024-01,CWE-127,1
2024-01,CWE-1176,1
2024-01,CWE-292,1
2024-01,CWE-627,1
2024-01,CWE-465,1
2024-01,CWE-920,1
2024-01,CWE-511,1
2024-01,CWE-827,1
2024-01,CWE-237,1
2024-01,CWE-563,1
2024-01,CWE-527,1
2024-01,CWE-1247,1
2024-01,CWE-656,1
2024-01,CWE-702,1
2024-01,CWE-1262,1
2024-01,CWE-360,1
2024-01,CWE-141,1
2024-01,CWE-394,1
2024-01,CWE-1279,1
2024-01,CWE-638,1
2024-01,CWE-392,1
2024-01,CWE-374,1
2024-01,CWE-1342,1
2024-01,CWE-1329,1
2024-01,CWE-520,1
2024-01,CWE-173,1
2024-01,CWE-615,1
2024-01,CWE-66,1
2024-01,CWE-57,1
2024-01,CWE-1106,1
2024-01,CWE-1223,1
2024-01,CWE-686,1
2024-01,CWE-624,1
2024-01,CWE-1335,1
2024-01,CWE-539,1
2025-01,CWE-79,4831
2025-01,CWE-89,2487
2025-01,CWE-74,1553
2025-01,CWE-352,1253
2025-01,CWE-862,1219
2025-01,CWE-94,829
2025-01,CWE-119,773
2025-01,CWE-284,720
2025-01,CWE-22,626
2025-01,CWE-120,582
2025-01,CWE-434,481
2025-01,CWE-416,478
2025-01,CWE-200,475
2025-01,CWE-78,474
2025-01,CWE-121,449
2025-01,CWE-77,433
2025-01,CWE-20,426
2025-01,CWE-125,412
2025-01,CWE-502,383
2025-01,CWE-787,369
2025-01,CWE-122,330
2025-01,CWE-400,317
2025-01,CWE-918,314
2025-01,CWE-863,306
2025-01,CWE-98,267
2025-01,CWE-266,235
2025-01,CWE-287,231
2025-01,CWE-269,217
2025-01,CWE-306,206
2025-01,CWE-476,205
2025-01,CWE-770,204
2025-01,CWE-639,168
2025-01,CWE-285,153
2025-01,CWE-601,148
2025-01,CWE-276,146
2025-01,CWE-190,121
2025-01,CWE-427,118
2025-01,CWE-798,110
2025-01,CWE-532,108
2025-01,CWE-732,105
2025-01,CWE-404,104
2025-01,CWE-288,96
2025-01,CWE-295,88
2025-01,CWE-497,87
2025-01,CWE-73,79
2025-01,CWE-611,74
2025-01,CWE-362,73
2025-01,CWE-59,72
2025-01,CWE-23,72
2025-01,CWE-80,72
2025-01,CWE-126,70
2025-01,CWE-312,65
2025-01,CWE-319,65
2025-01,CWE-209,65
2025-01,CWE-522,64
2025-01,CWE-290,63
2025-01,CWE-367,61
2025-01,CWE-617,60
2025-01,CWE-843,59
2025-01,CWE-922,55
2025-01,CWE-1333,55
2025-01,CWE-426,53
2025-01,CWE-35,52
2025-01,CWE-307,49
2025-01,CWE-552,49
2025-01,CWE-613,48
2025-01,CWE-347,48
2025-01,CWE-191,48
2025-01,CWE-281,47
2025-01,CWE-201,47
2025-01,CWE-401,46
2025-01,CWE-250,46
2025-01,CWE-346,45
2025-01,CWE-327,44
2025-01,CWE-754,42
2025-01,CWE-693,41
2025-01,CWE-248,40
2025-01,CWE-256,40
2025-01,CWE-321,39
2025-01,CWE-345,38
2025-01,CWE-1321,37
2025-01,CWE-88,37
2025-01,CWE-116,36
2025-01,CWE-359,35
2025-01,CWE-451,34
2025-01,CWE-415,33
2025-01,CWE-384,33
2025-01,CWE-338,33
2025-01,CWE-259,33
2025-01,CWE-1287,32
2025-01,CWE-204,32
2025-01,CWE-203,30
2025-01,CWE-1284,29
2025-01,CWE-129,29
2025-01,CWE-1021,28
2025-01,CWE-311,27
2025-01,CWE-280,27
2025-01,CWE-36,27
2025-01,CWE-1390,26
2025-01,CWE-521,25
2025-01,CWE-602,25
2025-01,CWE-1188,25
2025-01,CWE-305,25
2025-01,CWE-620,25
2025-01,CWE-749,24
2025-01,CWE-444,24
2025-01,CWE-835,24
2025-01,CWE-472,24
2025-01,CWE-1336,24
2025-01,CWE-1392,24
2025-01,CWE-926,23
2025-01,CWE-822,23
2025-01,CWE-908,23
2025-01,CWE-457,21
2025-01,CWE-24,21
2025-01,CWE-674,21
2025-01,CWE-640,21
2025-01,CWE-823,21
2025-01,CWE-326,20
2025-01,CWE-653,20
2025-01,CWE-829,20
2025-01,CWE-117,20
2025-01,CWE-1220,20
2025-01,CWE-95,18
2025-01,CWE-1236,18
2025-01,CWE-789,18
2025-01,CWE-264,18
2025-01,CWE-15,17
2025-01,CWE-328,17
2025-01,CWE-598,17
2025-01,CWE-425,16
2025-01,CWE-591,16
2025-01,CWE-755,16
2025-01,CWE-538,15
2025-01,CWE-1286,15
2025-01,CWE-29,15
2025-01,CWE-99,15
2025-01,CWE-294,15
2025-01,CWE-912,14
2025-01,CWE-799,14
2025-01,CWE-824,14
2025-01,CWE-840,14
2025-01,CWE-923,13
2025-01,CWE-208,13
2025-01,CWE-1391,13
2025-01,CWE-668,13
2025-01,CWE-548,13
2025-01,CWE-610,13
2025-01,CWE-150,12
2025-01,CWE-648,12
2025-01,CWE-93,12
2025-01,CWE-1393,12
2025-01,CWE-459,12
2025-01,CWE-942,12
2025-01,CWE-494,12
2025-01,CWE-369,12
2025-01,CWE-41,12
2025-01,CWE-614,11
2025-01,CWE-841,11
2025-01,CWE-805,11
2025-01,CWE-300,11
2025-01,CWE-131,11
2025-01,CWE-354,11
2025-01,CWE-304,11
2025-01,CWE-84,11
2025-01,CWE-407,11
2025-01,CWE-277,11
2025-01,CWE-440,11
2025-01,CWE-134,10
2025-01,CWE-680,10
2025-01,CWE-193,10
2025-01,CWE-807,10
2025-01,CWE-1230,10
2025-01,CWE-113,10
2025-01,CWE-330,10
2025-01,CWE-310,10
2025-01,CWE-61,10
2025-01,CWE-255,9
2025-01,CWE-424,9
2025-01,CWE-672,9
2025-01,CWE-1395,9
2025-01,CWE-428,9
2025-01,CWE-791,9
2025-01,CWE-130,9
2025-01,CWE-348,9
2025-01,CWE-303,9
2025-01,CWE-257,9
2025-01,CWE-644,9
2025-01,CWE-189,8
2025-01,CWE-915,8
2025-01,CWE-665,8
2025-01,CWE-1385,8
2025-01,CWE-772,8
2025-01,CWE-409,8
2025-01,CWE-115,8
2025-01,CWE-703,8
2025-01,CWE-540,8
2025-01,CWE-282,8
2025-01,CWE-489,8
2025-01,CWE-379,8
2025-01,CWE-331,8
2025-01,CWE-96,8
2025-01,CWE-349,8
2025-01,CWE-916,7
2025-01,CWE-405,7
2025-01,CWE-704,7
2025-01,CWE-124,7
2025-01,CWE-1004,7
2025-01,CWE-260,7
2025-01,CWE-297,7
2025-01,CWE-477,7
2025-01,CWE-913,7
2025-01,CWE-940,7
2025-01,CWE-268,7
2025-01,CWE-302,7
2025-01,CWE-402,7
2025-01,CWE-385,7
2025-01,CWE-252,7
2025-01,CWE-358,7
2025-01,CWE-488,7
2025-01,CWE-525,7
2025-01,CWE-833,7
2025-01,CWE-64,7
2025-01,CWE-87,6
2025-01,CWE-340,6
2025-01,CWE-212,6
2025-01,CWE-669,6
2025-01,CWE-471,6
2025-01,CWE-286,6
2025-01,CWE-184,6
2025-01,CWE-1285,6
2025-01,CWE-526,6
2025-01,CWE-279,6
2025-01,CWE-670,6
2025-01,CWE-524,6
2025-01,CWE-696,6
2025-01,CWE-1191,6
2025-01,CWE-441,6
2025-01,CWE-1295,6
2025-01,CWE-272,6
2025-01,CWE-140,6
2025-01,CWE-664,6
2025-01,CWE-682,6
2025-01,CWE-90,6
2025-01,CWE-691,6
2025-01,CWE-641,5
2025-01,CWE-1328,5
2025-01,CWE-351,5
2025-01,CWE-114,5
2025-01,CWE-549,5
2025-01,CWE-267,5
2025-01,CWE-1423,5
2025-01,CWE-244,5
2025-01,CWE-506,5
2025-01,CWE-275,5
2025-01,CWE-325,5
2025-01,CWE-804,5
2025-01,CWE-316,5
2025-01,CWE-155,5
2025-01,CWE-590,5
2025-01,CWE-420,5
2025-01,CWE-1025,5
2025-01,CWE-475,5
2025-01,CWE-707,5
2025-01,CWE-357,5
2025-01,CWE-830,5
2025-01,CWE-547,5
2025-01,CWE-83,4
2025-01,CWE-378,4
2025-01,CWE-1275,4
2025-01,CWE-296,4
2025-01,CWE-270,4
2025-01,CWE-91,4
2025-01,CWE-921,4
2025-01,CWE-782,4
2025-01,CWE-1262,4
2025-01,CWE-153,4
2025-01,CWE-261,4
2025-01,CWE-390,4
2025-01,CWE-762,4
2025-01,CWE-320,4
2025-01,CWE-178,4
2025-01,CWE-436,4
2025-01,CWE-202,4
2025-01,CWE-1240,4
2025-01,CWE-656,4
2025-01,CWE-1038,4
2025-01,CWE-195,4
2025-01,CWE-353,4
2025-01,CWE-410,4
2025-01,CWE-783,4
2025-01,CWE-313,4
2025-01,CWE-392,4
2025-01,CWE-706,4
2025-01,CWE-821,4
2025-01,CWE-228,4
2025-01,CWE-274,4
2025-01,CWE-213,4
2025-01,CWE-86,3
2025-01,CWE-147,3
2025-01,CWE-826,3
2025-01,CWE-97,3
2025-01,CWE-241,3
2025-01,CWE-909,3
2025-01,CWE-1421,3
2025-01,CWE-757,3
2025-01,CWE-778,3
2025-01,CWE-470,3
2025-01,CWE-565,3
2025-01,CWE-606,3
2025-01,CWE-1326,3
2025-01,CWE-1299,3
2025-01,CWE-299,3
2025-01,CWE-825,3
2025-01,CWE-643,3
2025-01,CWE-289,3
2025-01,CWE-1050,3
2025-01,CWE-215,3
2025-01,CWE-1288,3
2025-01,CWE-183,3
2025-01,CWE-684,3
2025-01,CWE-566,3
2025-01,CWE-708,3
2025-01,CWE-667,3
2025-01,CWE-322,3
2025-01,CWE-1037,3
2025-01,CWE-180,3
2025-01,CWE-837,3
2025-01,CWE-759,3
2025-01,CWE-779,3
2025-01,CWE-273,3
2025-01,CWE-1088,3
2025-01,CWE-776,3
2025-01,CWE-501,3
2025-01,CWE-1100,3
2025-01,CWE-820,3
2025-01,CWE-118,2
2025-01,CWE-692,2
2025-01,CWE-697,2
2025-01,CWE-62,2
2025-01,CWE-1007,2
2025-01,CWE-1419,2
2025-01,CWE-657,2
2025-01,CWE-422,2
2025-01,CWE-242,2
2025-01,CWE-435,2
2025-01,CWE-573,2
2025-01,CWE-1173,2
2025-01,CWE-1023,2
2025-01,CWE-763,2
2025-01,CWE-149,2
2025-01,CWE-138,2
2025-01,CWE-232,2
2025-01,CWE-1394,2
2025-01,CWE-647,2
2025-01,CWE-413,2
2025-01,CWE-366,2
2025-01,CWE-26,2
2025-01,CWE-446,2
2025-01,CWE-1104,2
2025-01,CWE-437,2
2025-01,CWE-335,2
2025-01,CWE-164,2
2025-01,CWE-834,2
2025-01,CWE-75,2
2025-01,CWE-943,2
2025-01,CWE-185,2
2025-01,CWE-1116,2
2025-01,CWE-1204,2
2025-01,CWE-393,2
2025-01,CWE-315,2
2025-01,CWE-460,2
2025-01,CWE-16,2
2025-01,CWE-924,2
2025-01,CWE-265,2
2025-01,CWE-197,2
2025-01,CWE-323,2
2025-01,CWE-214,2
2025-01,CWE-917,2
2025-01,CWE-642,2
2025-01,CWE-1420,2
2025-01,CWE-531,2
2025-01,CWE-733,2
2025-01,CWE-449,2
2025-01,CWE-283,2
2025-01,CWE-698,2
2025-01,CWE-223,2
2025-01,CWE-1244,2
2025-01,CWE-1259,2
2025-01,CWE-156,2
2025-01,CWE-158,2
2025-01,CWE-453,2
2025-01,CWE-1384,2
2025-01,CWE-394,2
2025-01,CWE-530,2
2025-01,CWE-636,2
2025-01,CWE-127,2
2025-01,CWE-1323,2
2025-01,CWE-324,2
2025-01,CWE-645,2
2025-01,CWE-760,2
2025-01,CWE-271,2
2025-01,CWE-226,2
2025-01,CWE-1274,2
2025-01,CWE-199,2
2025-01,CWE-603,2
2025-01,CWE-81,2
2025-01,CWE-123,2
2025-01,CWE-350,2
2025-01,CWE-1039,2
2025-01,CWE-27,2
2025-01,CWE-356,2
2025-01,CWE-701,2
2025-01,CWE-480,1
2025-01,CWE-1357,1
2025-01,CWE-761,1
2025-01,CWE-334,1
2025-01,CWE-780,1
2025-01,CWE-1279,1
2025-01,CWE-567,1
2025-01,CWE-1112,1
2025-01,CWE-1256,1
2025-01,CWE-69,1
2025-01,CWE-1068,1
2025-01,CWE-142,1
2025-01,CWE-30,1
2025-01,CWE-771,1
2025-01,CWE-495,1
2025-01,CWE-85,1
2025-01,CWE-377,1
2025-01,CWE-227,1
2025-01,CWE-564,1
2025-01,CWE-237,1
2025-01,CWE-528,1
2025-01,CWE-1260,1
2025-01,CWE-1258,1
2025-01,CWE-555,1
2025-01,CWE-179,1
2025-01,CWE-1174,1
2025-01,CWE-544,1
2025-01,CWE-836,1
2025-01,CWE-1341,1
2025-01,CWE-662,1
2025-01,CWE-421,1
2025-01,CWE-141,1
2025-01,CWE-1049,1
2025-01,CWE-187,1
2025-01,CWE-44,1
2025-01,CWE-37,1
2025-01,CWE-523,1
2025-01,CWE-329,1
2025-01,CWE-298,1
2025-01,CWE-1102,1
2025-01,CWE-258,1
2025-01,CWE-628,1
2025-01,CWE-774,1
2025-01,CWE-157,1
2025-01,CWE-159,1
2025-01,CWE-1332,1
2025-01,CWE-278,1
2025-01,CWE-414,1
2025-01,CWE-1257,1
2025-01,CWE-40,1
2025-01,CWE-172,1
2025-01,CWE-1335,1
2025-01,CWE-403,1
2025-01,CWE-144,1
2025-01,CWE-671,1
2025-01,CWE-207,1
2025-01,CWE-253,1
2025-01,CWE-1325,1
2025-01,CWE-1426,1
2025-01,CWE-230,1
2025-01,CWE-447,1
2025-01,CWE-364,1
2025-01,CWE-1245,1
2025-01,CWE-430,1
2025-01,CWE-508,1
2025-01,CWE-1319,1
2025-01,CWE-1386,1
2025-01,CWE-650,1
2025-01,CWE-618,1
2025-01,CWE-683,1
2025-01,CWE-1313,1
2025-01,CWE-1422,1
2025-01,CWE-911,1
2025-01,CWE-198,1
2025-01,CWE-775,1
2025-01,CWE-167,1
2025-01,CWE-939,1
2025-01,CWE-687,1
2025-01,CWE-308,1
2025-01,CWE-186,1
2025-01,CWE-1281,1
2025-01,CWE-462,1
2025-01,CWE-1427,1
2025-01,CWE-769,1
2025-01,CWE-1242,1
2025-01,CWE-1222,1
2025-01,CWE-1022,1
2025-01,CWE-941,1
2025-01,CWE-1327,1
2025-01,CWE-463,1
2025-01,CWE-399,1
2025-01,CWE-681,1
2025-01,CWE-1289,1
2025-01,CWE-792,1
2025-01,CWE-646,1
2025-01,CWE-838,1
2025-01,CWE-627,1
2025-01,CWE-25,1
2025-01,CWE-788,1
2025-01,CWE-341,1
2025-01,CWE-539,1
2025-01,CWE-790,1
2025-01,CWE-143,1
2025-01,CWE-339,1
2025-01,CWE-827,1
2025-01,CWE-649,1
2025-01,CWE-1255,1
2025-01,CWE-419,1
